<?xml version = '1.0' encoding = 'UTF-8'?>
<Table class="oracle.dbtools.crest.model.design.relational.Table" directorySegmentName="seg_0" id="4B07F108-13E4-F954-8748-9CD3E9C54AD4" name="FACT">
<createdBy>Eugene</createdBy>
<createdTime>2019-11-21 16:08:31 UTC</createdTime>
<ownerDesignName>olap</ownerDesignName>
<ordsAlias>table_1</ordsAlias>
<allowColumnReorder>false</allowColumnReorder>
<existDependencyGenerateInDDl>true</existDependencyGenerateInDDl>
<parsed>true</parsed>
<columns itemClass="oracle.dbtools.crest.model.design.relational.Column">
<Column name="DIM_1_DIM1_ID" id="5531A6E4-7854-FFC1-7445-A6B8CCB6793D">
<createdBy>Eugene</createdBy>
<createdTime>2019-11-21 16:09:43 UTC</createdTime>
<ownerDesignName>olap</ownerDesignName>
<useDomainConstraints>false</useDomainConstraints>
<use>1</use>
<logicalDatatype>LOGDT011</logicalDatatype>
<ownDataTypeParameters>,,</ownDataTypeParameters>
<previousColumn>false</previousColumn>
<autoIncrementCycle>false</autoIncrementCycle>
<associations>
<colAssociation fkAssociation="0AC93283-11B8-2DC9-1192-81A07D92D348" referredColumn="58E19402-DFD5-CABC-6592-E1C870B3F03F"/>
</associations>
</Column>
<Column name="DIM_2_DIM2_ID" id="7D2A87B4-68DE-E7B7-05A6-5382669E4249">
<createdBy>Eugene</createdBy>
<createdTime>2019-11-21 16:09:48 UTC</createdTime>
<ownerDesignName>olap</ownerDesignName>
<useDomainConstraints>false</useDomainConstraints>
<use>1</use>
<logicalDatatype>LOGDT011</logicalDatatype>
<ownDataTypeParameters>,,</ownDataTypeParameters>
<previousColumn>false</previousColumn>
<autoIncrementCycle>false</autoIncrementCycle>
<associations>
<colAssociation fkAssociation="219CC02C-0965-92F8-1D55-863BB21F5EDB" referredColumn="D830E28D-032E-7CBB-CCEC-28851CD7EE7B"/>
</associations>
</Column>
<Column name="DIM_3_DIM3_ID" id="689AECCA-0584-4432-6569-5EB276A7B9FA">
<createdBy>Eugene</createdBy>
<createdTime>2019-11-21 16:09:52 UTC</createdTime>
<ownerDesignName>olap</ownerDesignName>
<useDomainConstraints>false</useDomainConstraints>
<use>1</use>
<logicalDatatype>LOGDT011</logicalDatatype>
<ownDataTypeParameters>,,</ownDataTypeParameters>
<previousColumn>false</previousColumn>
<autoIncrementCycle>false</autoIncrementCycle>
<associations>
<colAssociation fkAssociation="B4CE112E-193B-5249-5A66-E082555A3283" referredColumn="D8885B93-3ABD-2AF4-792E-86D6C2FC7784"/>
</associations>
</Column>
<Column name="FACT_ID" id="CDFEBDD9-3A24-6519-0444-5BB0A5BF15D3">
<createdBy>Eugene</createdBy>
<createdTime>2019-11-21 16:10:34 UTC</createdTime>
<ownerDesignName>olap</ownerDesignName>
<useDomainConstraints>false</useDomainConstraints>
<use>1</use>
<logicalDatatype>LOGDT011</logicalDatatype>
<ownDataTypeParameters>,,</ownDataTypeParameters>
<autoIncrementCycle>false</autoIncrementCycle>
</Column>
<Column name="MEASURE_1" id="355C60FE-D9B8-B77C-2C28-7F5E86EA3E67">
<createdBy>Eugene</createdBy>
<createdTime>2019-11-21 16:14:39 UTC</createdTime>
<ownerDesignName>olap</ownerDesignName>
<nullsAllowed>true</nullsAllowed>
<useDomainConstraints>false</useDomainConstraints>
<use>1</use>
<logicalDatatype>LOGDT019</logicalDatatype>
<dataTypePrecision>38</dataTypePrecision>
<ownDataTypeParameters>,38,</ownDataTypeParameters>
<autoIncrementCycle>false</autoIncrementCycle>
</Column>
<Column name="MEASURE_2" id="7C822DF6-64E1-ACB8-89BE-4C68CD61B950">
<createdBy>Eugene</createdBy>
<createdTime>2019-11-21 16:14:39 UTC</createdTime>
<ownerDesignName>olap</ownerDesignName>
<nullsAllowed>true</nullsAllowed>
<useDomainConstraints>false</useDomainConstraints>
<use>1</use>
<logicalDatatype>LOGDT019</logicalDatatype>
<dataTypePrecision>38</dataTypePrecision>
<ownDataTypeParameters>,38,</ownDataTypeParameters>
<autoIncrementCycle>false</autoIncrementCycle>
</Column>
</columns>
<indexes itemClass="oracle.dbtools.crest.model.design.relational.Index">
<ind_PK_UK id="91E0A447-0B83-D049-F3EA-5DA41ABDD7DE" name="FACT_PK">
<createdBy>Eugene</createdBy>
<createdTime>2019-11-21 16:10:34 UTC</createdTime>
<ownerDesignName>olap</ownerDesignName>
<pk>true</pk>
<indexState>Primary Constraint</indexState>
<isSurrogateKey>false</isSurrogateKey>
<indexColumnUsage>
<colUsage columnID="CDFEBDD9-3A24-6519-0444-5BB0A5BF15D3"/>
</indexColumnUsage>
</ind_PK_UK>
<ind_PK_UK id="98F140BD-AD73-C0A3-2F5A-5E2F30645AEC" name="FACT_DIM_1_FK">
<createdBy>Eugene</createdBy>
<createdTime>2019-11-21 16:09:43 UTC</createdTime>
<ownerDesignName>olap</ownerDesignName>
<indexState>Foreign Key</indexState>
<isSurrogateKey>false</isSurrogateKey>
<indexColumnUsage>
<colUsage columnID="5531A6E4-7854-FFC1-7445-A6B8CCB6793D"/>
</indexColumnUsage>
</ind_PK_UK>
<ind_PK_UK id="B643BE4F-2990-633C-EB42-845AAD4E11F5" name="FACT_DIM_2_FK">
<createdBy>Eugene</createdBy>
<createdTime>2019-11-21 16:09:48 UTC</createdTime>
<ownerDesignName>olap</ownerDesignName>
<indexState>Foreign Key</indexState>
<isSurrogateKey>false</isSurrogateKey>
<indexColumnUsage>
<colUsage columnID="7D2A87B4-68DE-E7B7-05A6-5382669E4249"/>
</indexColumnUsage>
</ind_PK_UK>
<ind_PK_UK id="CF37592F-8A23-9B2D-5B21-82F8FC6DF6FE" name="FACT_DIM_3_FK">
<createdBy>Eugene</createdBy>
<createdTime>2019-11-21 16:09:52 UTC</createdTime>
<ownerDesignName>olap</ownerDesignName>
<indexState>Foreign Key</indexState>
<isSurrogateKey>false</isSurrogateKey>
<indexColumnUsage>
<colUsage columnID="689AECCA-0584-4432-6569-5EB276A7B9FA"/>
</indexColumnUsage>
</ind_PK_UK>
</indexes>
</Table>