<?xml version = '1.0' encoding = 'UTF-8'?>
<FKIndexAssociation class="oracle.dbtools.crest.model.design.relational.FKIndexAssociation" directorySegmentName="seg_0" id="478E4C5D-9687-7411-7FA6-92A5507C69A4" containerWithKeyObject="1EA89085-2594-26CC-8F4A-DA2933C068CD" localFKIndex="D3F8F1BA-C651-CBA8-3290-66D59CF18FF9" name="FACT_SALE_REGION_DIM_PRODUCT_FK">
<createdBy>Eugene</createdBy>
<createdTime>2019-11-21 16:44:03 UTC</createdTime>
<ownerDesignName>olap</ownerDesignName>
<referredTableLongName>DIM_PRODUCT</referredTableLongName>
<deleteRule>NO ACTION</deleteRule>
<referredTableID>DAE82975-6C53-AD0E-F5C2-E59B990BBC96</referredTableID>
<keyObject>982A3F75-833B-53C0-CB92-608384654573</keyObject>
<referredKeyID>982A3F75-833B-53C0-CB92-608384654573</referredKeyID>
<mandatory>true</mandatory>
<refColNames>PRODUCT_ID</refColNames>
<transferable>true</transferable>
<rely>false</rely>
<columnDependencyConstraintGenerateInDDL>true</columnDependencyConstraintGenerateInDDL>
</FKIndexAssociation>