<?xml version = '1.0' encoding = 'UTF-8'?>
<FKIndexAssociation class="oracle.dbtools.crest.model.design.relational.FKIndexAssociation" directorySegmentName="seg_0" id="7A598350-C9FB-99E9-A8EB-AC04EC7567C3" containerWithKeyObject="F94A64FE-28DE-AA19-C130-CB6BDE85B60E" localFKIndex="FCE14E71-A8C6-86A9-EA31-84EC71195D89" name="FACT_SALE_DIM_DATE_FK">
<createdBy>Eugene</createdBy>
<createdTime>2019-11-21 16:26:32 UTC</createdTime>
<ownerDesignName>olap</ownerDesignName>
<referredTableLongName>DIM_DATE</referredTableLongName>
<deleteRule>NO ACTION</deleteRule>
<referredTableID>E8C38B06-7B9A-7753-15D3-0C881B255BE5</referredTableID>
<keyObject>C773606C-890D-B051-B343-4A1B3CA4147A</keyObject>
<referredKeyID>C773606C-890D-B051-B343-4A1B3CA4147A</referredKeyID>
<mandatory>true</mandatory>
<refColNames>DATE_ID</refColNames>
<transferable>true</transferable>
<rely>false</rely>
<columnDependencyConstraintGenerateInDDL>true</columnDependencyConstraintGenerateInDDL>
</FKIndexAssociation>