<?xml version = '1.0' encoding = 'UTF-8'?>
<FKIndexAssociation class="oracle.dbtools.crest.model.design.relational.FKIndexAssociation" directorySegmentName="seg_0" id="99910DD6-3233-8184-3673-9269FCEAD92B" containerWithKeyObject="1EA89085-2594-26CC-8F4A-DA2933C068CD" localFKIndex="6BFC2B4C-7F23-D66B-E3EF-BFCB7FE60EB4" name="FACT_SALE_REGION_DIM_DATE_FK">
<createdBy>Eugene</createdBy>
<createdTime>2019-11-21 16:44:10 UTC</createdTime>
<ownerDesignName>olap</ownerDesignName>
<referredTableLongName>DIM_DATE</referredTableLongName>
<deleteRule>NO ACTION</deleteRule>
<referredTableID>E8C38B06-7B9A-7753-15D3-0C881B255BE5</referredTableID>
<keyObject>C773606C-890D-B051-B343-4A1B3CA4147A</keyObject>
<referredKeyID>C773606C-890D-B051-B343-4A1B3CA4147A</referredKeyID>
<mandatory>true</mandatory>
<refColNames>DATE_ID</refColNames>
<transferable>true</transferable>
<rely>false</rely>
<columnDependencyConstraintGenerateInDDL>true</columnDependencyConstraintGenerateInDDL>
</FKIndexAssociation>