<?xml version = '1.0' encoding = 'UTF-8'?>
<FKIndexAssociation class="oracle.dbtools.crest.model.design.relational.FKIndexAssociation" directorySegmentName="seg_0" id="B4CA7496-AA28-0A12-8EE9-C3820B4882BD" containerWithKeyObject="E0198390-5BFE-17CD-D2F3-C0CBAABF7AFD" localFKIndex="176A5F22-8CC7-C937-E4E6-B81A8E672696" name="DIM_REGION_DIM_COUNTRY_FK">
<createdBy>Eugene</createdBy>
<createdTime>2019-11-21 16:38:50 UTC</createdTime>
<ownerDesignName>olap</ownerDesignName>
<referredTableLongName>DIM_COUNTRY</referredTableLongName>
<deleteRule>NO ACTION</deleteRule>
<referredTableID>BFA3BB24-1612-A667-6FF5-2D3AFB1545D8</referredTableID>
<keyObject>E7835C80-3BFF-40DA-EB6C-25A5A892BE69</keyObject>
<referredKeyID>E7835C80-3BFF-40DA-EB6C-25A5A892BE69</referredKeyID>
<mandatory>true</mandatory>
<refColNames>COUNTRY_CODE</refColNames>
<transferable>true</transferable>
<rely>false</rely>
<columnDependencyConstraintGenerateInDDL>true</columnDependencyConstraintGenerateInDDL>
</FKIndexAssociation>