<?xml version = '1.0' encoding = 'UTF-8'?>
<Diagram class="oracle.dbtools.crest.swingui.relational.DPVRelational" name="Snowflake" id="62150619-B17A-E5B4-1360-68CBDF49A6EC">
<createdBy>Eugene</createdBy>
<modifiedBy>Eugene</modifiedBy>
<createdTime>2019-11-21 16:14:52 UTC</createdTime>
<autoRoute>false</autoRoute>
<boxInbox>true</boxInbox>
<showLegend>false</showLegend>
<showLabels>false</showLabels>
<showRelAttributes>false</showRelAttributes>
<gridEnabled>false</gridEnabled>
<showGrid>false</showGrid>
<diagramColor>-1</diagramColor>
<display>false</display>
<notation>1</notation>
<objectViews>
<OView class="oracle.dbtools.crest.swingui.relational.TVTable" oid="1EA89085-2594-26CC-8F4A-DA2933C068CD" otype="Table" vid="0FDEFACF-7F84-C976-5F00-023C9BDA35C9">
<hideElementsInCurrentOnly>false</hideElementsInCurrentOnly>
<bounds x="215" y="355" width="288" height="143"/>
</OView>
<OView class="oracle.dbtools.crest.swingui.relational.TVTable" oid="BFA3BB24-1612-A667-6FF5-2D3AFB1545D8" otype="Table" vid="3D664795-3463-68D5-AFC4-3FE7DF1A3B44">
<hideElementsInCurrentOnly>false</hideElementsInCurrentOnly>
<bounds x="115" y="547" width="170" height="110"/>
</OView>
<OView class="oracle.dbtools.crest.swingui.relational.TVTable" oid="DAE82975-6C53-AD0E-F5C2-E59B990BBC96" otype="Table" vid="267F32EB-A9AB-8AF7-8D08-DF8E1BD3B915">
<hideElementsInCurrentOnly>false</hideElementsInCurrentOnly>
<bounds x="20" y="92" width="170" height="110"/>
</OView>
<OView class="oracle.dbtools.crest.swingui.relational.TVTable" oid="E0198390-5BFE-17CD-D2F3-C0CBAABF7AFD" otype="Table" vid="60328AAF-6D0B-7087-7108-40BB726A0E6A">
<hideElementsInCurrentOnly>false</hideElementsInCurrentOnly>
<bounds x="376" y="527" width="170" height="110"/>
</OView>
<OView class="oracle.dbtools.crest.swingui.relational.TVTable" oid="E8C38B06-7B9A-7753-15D3-0C881B255BE5" otype="Table" vid="D6DC0BD0-1325-889F-1DD0-3936910DBC73">
<hideElementsInCurrentOnly>false</hideElementsInCurrentOnly>
<bounds x="5" y="388" width="168" height="109"/>
</OView>
<OView class="oracle.dbtools.crest.swingui.relational.TVTable" oid="F94A64FE-28DE-AA19-C130-CB6BDE85B60E" otype="Table" vid="B61CFFA0-14A7-6F08-C0B3-4C2DD6625D64">
<hideElementsInCurrentOnly>false</hideElementsInCurrentOnly>
<bounds x="272" y="94" width="240" height="209"/>
</OView>
<OView class="oracle.dbtools.crest.swingui.relational.TVTable" oid="FA4D6BEA-D5C8-62C6-EBB3-1289D022F91F" otype="Table" vid="5FF0F727-BB96-3061-8CC4-AF95AC2F901E">
<hideElementsInCurrentOnly>false</hideElementsInCurrentOnly>
<bounds x="561" y="352" width="236" height="110"/>
</OView>
</objectViews>
<connectors>
<Connector class="oracle.dbtools.crest.swingui.relational.TVFKRelation" oid="3DD916B2-A56D-FA62-9C68-0935D5966D06" otype="FKIndexAssociation" vid_source="60328AAF-6D0B-7087-7108-40BB726A0E6A" vid_target="5FF0F727-BB96-3061-8CC4-AF95AC2F901E">
<hideElementsInCurrentOnly>false</hideElementsInCurrentOnly>
<backgroundColor>-16777216</backgroundColor>
<lineWidth>1</lineWidth>
<points>
<point x="529" y="527"/>
<point x="610" y="462"/>
</points>
</Connector>
<Connector class="oracle.dbtools.crest.swingui.relational.TVFKRelation" oid="478E4C5D-9687-7411-7FA6-92A5507C69A4" otype="FKIndexAssociation" vid_source="267F32EB-A9AB-8AF7-8D08-DF8E1BD3B915" vid_target="0FDEFACF-7F84-C976-5F00-023C9BDA35C9">
<hideElementsInCurrentOnly>false</hideElementsInCurrentOnly>
<backgroundColor>-16777216</backgroundColor>
<lineWidth>1</lineWidth>
<points>
<point x="154" y="202"/>
<point x="294" y="355"/>
</points>
</Connector>
<Connector class="oracle.dbtools.crest.swingui.relational.TVFKRelation" oid="54CAF4CE-A15D-BCC1-E7F9-6F3FC789F042" otype="FKIndexAssociation" vid_source="267F32EB-A9AB-8AF7-8D08-DF8E1BD3B915" vid_target="B61CFFA0-14A7-6F08-C0B3-4C2DD6625D64">
<hideElementsInCurrentOnly>false</hideElementsInCurrentOnly>
<backgroundColor>-16777216</backgroundColor>
<lineWidth>1</lineWidth>
<points>
<point x="190" y="148"/>
<point x="272" y="148"/>
</points>
</Connector>
<Connector class="oracle.dbtools.crest.swingui.relational.TVFKRelation" oid="67DFE143-83B7-7995-D92E-47DC5475E95C" otype="FKIndexAssociation" vid_source="5FF0F727-BB96-3061-8CC4-AF95AC2F901E" vid_target="B61CFFA0-14A7-6F08-C0B3-4C2DD6625D64">
<hideElementsInCurrentOnly>false</hideElementsInCurrentOnly>
<backgroundColor>-16777216</backgroundColor>
<lineWidth>1</lineWidth>
<points>
<point x="603" y="352"/>
<point x="512" y="285"/>
</points>
</Connector>
<Connector class="oracle.dbtools.crest.swingui.relational.TVFKRelation" oid="7A598350-C9FB-99E9-A8EB-AC04EC7567C3" otype="FKIndexAssociation" vid_source="D6DC0BD0-1325-889F-1DD0-3936910DBC73" vid_target="B61CFFA0-14A7-6F08-C0B3-4C2DD6625D64">
<hideElementsInCurrentOnly>false</hideElementsInCurrentOnly>
<backgroundColor>-16777216</backgroundColor>
<lineWidth>1</lineWidth>
<points>
<point x="156" y="388"/>
<point x="272" y="295"/>
</points>
</Connector>
<Connector class="oracle.dbtools.crest.swingui.relational.TVFKRelation" oid="99910DD6-3233-8184-3673-9269FCEAD92B" otype="FKIndexAssociation" vid_source="D6DC0BD0-1325-889F-1DD0-3936910DBC73" vid_target="0FDEFACF-7F84-C976-5F00-023C9BDA35C9">
<hideElementsInCurrentOnly>false</hideElementsInCurrentOnly>
<backgroundColor>-16777216</backgroundColor>
<lineWidth>1</lineWidth>
<points>
<point x="173" y="442"/>
<point x="215" y="442"/>
</points>
</Connector>
<Connector class="oracle.dbtools.crest.swingui.relational.TVFKRelation" oid="A90BD5B1-4ADA-81EC-AB30-2C55E189410B" otype="FKIndexAssociation" vid_source="60328AAF-6D0B-7087-7108-40BB726A0E6A" vid_target="0FDEFACF-7F84-C976-5F00-023C9BDA35C9">
<hideElementsInCurrentOnly>false</hideElementsInCurrentOnly>
<backgroundColor>-16777216</backgroundColor>
<lineWidth>1</lineWidth>
<points>
<point x="454" y="527"/>
<point x="454" y="498"/>
</points>
</Connector>
<Connector class="oracle.dbtools.crest.swingui.relational.TVFKRelation" oid="B4CA7496-AA28-0A12-8EE9-C3820B4882BD" otype="FKIndexAssociation" vid_source="3D664795-3463-68D5-AFC4-3FE7DF1A3B44" vid_target="60328AAF-6D0B-7087-7108-40BB726A0E6A">
<hideElementsInCurrentOnly>false</hideElementsInCurrentOnly>
<backgroundColor>-16777216</backgroundColor>
<lineWidth>1</lineWidth>
<points>
<point x="285" y="592"/>
<point x="376" y="592"/>
</points>
</Connector>
</connectors>
</Diagram>
