<?xml version = '1.0' encoding = 'UTF-8'?>
<Table class="oracle.dbtools.crest.model.design.relational.Table" directorySegmentName="seg_0" id="1EA89085-2594-26CC-8F4A-DA2933C068CD" name="FACT_SALE_REGION">
<createdBy>Eugene</createdBy>
<createdTime>2019-11-21 16:43:50 UTC</createdTime>
<ownerDesignName>olap</ownerDesignName>
<ordsAlias>table_9</ordsAlias>
<allowColumnReorder>false</allowColumnReorder>
<existDependencyGenerateInDDl>true</existDependencyGenerateInDDl>
<parsed>true</parsed>
<columns itemClass="oracle.dbtools.crest.model.design.relational.Column">
<Column name="DIM_PRODUCT_PRODUCT_ID" id="C9253FC4-4338-D3CA-2EF9-6D75F21D1789">
<createdBy>Eugene</createdBy>
<createdTime>2019-11-21 16:44:03 UTC</createdTime>
<ownerDesignName>olap</ownerDesignName>
<useDomainConstraints>false</useDomainConstraints>
<use>1</use>
<logicalDatatype>LOGDT011</logicalDatatype>
<ownDataTypeParameters>,,</ownDataTypeParameters>
<previousColumn>false</previousColumn>
<autoIncrementCycle>false</autoIncrementCycle>
<associations>
<colAssociation fkAssociation="478E4C5D-9687-7411-7FA6-92A5507C69A4" referredColumn="17E1D015-9428-058E-1E73-6627DDD9D15F"/>
</associations>
</Column>
<Column name="DIM_DATE_DATE_ID" id="DF9B9655-55D2-C866-C122-663092FBD662">
<createdBy>Eugene</createdBy>
<createdTime>2019-11-21 16:44:10 UTC</createdTime>
<ownerDesignName>olap</ownerDesignName>
<useDomainConstraints>false</useDomainConstraints>
<use>1</use>
<logicalDatatype>LOGDT025</logicalDatatype>
<dataTypeSize>8 CHAR</dataTypeSize>
<ownDataTypeParameters>,,</ownDataTypeParameters>
<previousColumn>false</previousColumn>
<autoIncrementCycle>false</autoIncrementCycle>
<associations>
<colAssociation fkAssociation="99910DD6-3233-8184-3673-9269FCEAD92B" referredColumn="4BC053A7-8902-56EE-6114-BF18F75EA4AA"/>
</associations>
</Column>
<Column name="DIM_REGION_REGION_CODE" id="ED2378C3-AB97-C8BE-D276-6F8F7C634201">
<createdBy>Eugene</createdBy>
<createdTime>2019-11-21 16:44:18 UTC</createdTime>
<ownerDesignName>olap</ownerDesignName>
<use>0</use>
<ownDataTypeParameters>,,</ownDataTypeParameters>
<previousColumn>false</previousColumn>
<autoIncrementCycle>false</autoIncrementCycle>
<associations>
<colAssociation fkAssociation="A90BD5B1-4ADA-81EC-AB30-2C55E189410B" referredColumn="02AD9315-C9DC-4F5C-7D05-FB77511F12CE"/>
</associations>
</Column>
<Column name="PRICE" id="6D459182-E6EF-A80A-8660-230662B8C456">
<createdBy>Eugene</createdBy>
<createdTime>2019-11-21 16:49:58 UTC</createdTime>
<ownerDesignName>olap</ownerDesignName>
<nullsAllowed>true</nullsAllowed>
<useDomainConstraints>false</useDomainConstraints>
<use>1</use>
<logicalDatatype>LOGDT019</logicalDatatype>
<dataTypePrecision>38</dataTypePrecision>
<dataTypeScale>2</dataTypeScale>
<ownDataTypeParameters>,38,2</ownDataTypeParameters>
<autoIncrementCycle>false</autoIncrementCycle>
</Column>
<Column name="AMOUNT" id="A5763202-D055-FAB5-425B-D07FB9B12ADE">
<createdBy>Eugene</createdBy>
<createdTime>2019-11-21 16:49:58 UTC</createdTime>
<ownerDesignName>olap</ownerDesignName>
<nullsAllowed>true</nullsAllowed>
<useDomainConstraints>false</useDomainConstraints>
<use>1</use>
<logicalDatatype>LOGDT019</logicalDatatype>
<dataTypePrecision>38</dataTypePrecision>
<dataTypeScale>2</dataTypeScale>
<ownDataTypeParameters>,38,2</ownDataTypeParameters>
<autoIncrementCycle>false</autoIncrementCycle>
</Column>
<Column name="QUANTITY" id="21DFFD22-9779-51A8-C68A-D19A0DAE1366">
<createdBy>Eugene</createdBy>
<createdTime>2019-11-21 16:49:58 UTC</createdTime>
<ownerDesignName>olap</ownerDesignName>
<nullsAllowed>true</nullsAllowed>
<useDomainConstraints>false</useDomainConstraints>
<use>1</use>
<logicalDatatype>LOGDT019</logicalDatatype>
<dataTypePrecision>38</dataTypePrecision>
<ownDataTypeParameters>,38,</ownDataTypeParameters>
<autoIncrementCycle>false</autoIncrementCycle>
</Column>
<Column name="DISCOUNT" id="33D15644-BAF0-BE60-80DD-0B6CC7CFA496">
<createdBy>Eugene</createdBy>
<createdTime>2019-11-21 16:49:58 UTC</createdTime>
<ownerDesignName>olap</ownerDesignName>
<nullsAllowed>true</nullsAllowed>
<useDomainConstraints>false</useDomainConstraints>
<use>1</use>
<logicalDatatype>LOGDT019</logicalDatatype>
<dataTypePrecision>38</dataTypePrecision>
<dataTypeScale>2</dataTypeScale>
<ownDataTypeParameters>,38,2</ownDataTypeParameters>
<autoIncrementCycle>false</autoIncrementCycle>
</Column>
</columns>
<indexes itemClass="oracle.dbtools.crest.model.design.relational.Index">
<ind_PK_UK id="D3F8F1BA-C651-CBA8-3290-66D59CF18FF9" name="FACT_SALE_REGION_DIM_PRODUCT_FK">
<createdBy>Eugene</createdBy>
<createdTime>2019-11-21 16:44:03 UTC</createdTime>
<ownerDesignName>olap</ownerDesignName>
<indexState>Foreign Key</indexState>
<isSurrogateKey>false</isSurrogateKey>
<indexColumnUsage>
<colUsage columnID="C9253FC4-4338-D3CA-2EF9-6D75F21D1789"/>
</indexColumnUsage>
</ind_PK_UK>
<ind_PK_UK id="6BFC2B4C-7F23-D66B-E3EF-BFCB7FE60EB4" name="FACT_SALE_REGION_DIM_DATE_FK">
<createdBy>Eugene</createdBy>
<createdTime>2019-11-21 16:44:10 UTC</createdTime>
<ownerDesignName>olap</ownerDesignName>
<indexState>Foreign Key</indexState>
<isSurrogateKey>false</isSurrogateKey>
<indexColumnUsage>
<colUsage columnID="DF9B9655-55D2-C866-C122-663092FBD662"/>
</indexColumnUsage>
</ind_PK_UK>
<ind_PK_UK id="2153976D-6896-A8F8-ACB3-D50804A4009F" name="FACT_SALE_REGION_DIM_REGION_FK">
<createdBy>Eugene</createdBy>
<createdTime>2019-11-21 16:44:18 UTC</createdTime>
<ownerDesignName>olap</ownerDesignName>
<indexState>Foreign Key</indexState>
<isSurrogateKey>false</isSurrogateKey>
<indexColumnUsage>
<colUsage columnID="ED2378C3-AB97-C8BE-D276-6F8F7C634201"/>
</indexColumnUsage>
</ind_PK_UK>
</indexes>
</Table>