<?xml version = '1.0' encoding = 'UTF-8'?>
<Table class="oracle.dbtools.crest.model.design.relational.Table" directorySegmentName="seg_0" id="DAE82975-6C53-AD0E-F5C2-E59B990BBC96" name="DIM_PRODUCT">
<createdBy>Eugene</createdBy>
<createdTime>2019-11-21 16:15:53 UTC</createdTime>
<ownerDesignName>olap</ownerDesignName>
<ordsAlias>table_2</ordsAlias>
<allowColumnReorder>false</allowColumnReorder>
<existDependencyGenerateInDDl>true</existDependencyGenerateInDDl>
<parsed>true</parsed>
<columns itemClass="oracle.dbtools.crest.model.design.relational.Column">
<Column name="PRODUCT_ID" id="17E1D015-9428-058E-1E73-6627DDD9D15F">
<createdBy>Eugene</createdBy>
<createdTime>2019-11-21 16:16:58 UTC</createdTime>
<ownerDesignName>olap</ownerDesignName>
<useDomainConstraints>false</useDomainConstraints>
<use>1</use>
<logicalDatatype>LOGDT011</logicalDatatype>
<ownDataTypeParameters>,,</ownDataTypeParameters>
<autoIncrementCycle>false</autoIncrementCycle>
</Column>
<Column name="PRODUCT_NAME" id="3C2C9F10-DCBA-9C27-4542-592E2E882920">
<createdBy>Eugene</createdBy>
<createdTime>2019-11-21 16:16:58 UTC</createdTime>
<ownerDesignName>olap</ownerDesignName>
<nullsAllowed>true</nullsAllowed>
<useDomainConstraints>false</useDomainConstraints>
<use>1</use>
<logicalDatatype>LOGDT024</logicalDatatype>
<dataTypeSize>1000 CHAR</dataTypeSize>
<ownDataTypeParameters>1000 CHAR,,</ownDataTypeParameters>
<autoIncrementCycle>false</autoIncrementCycle>
</Column>
</columns>
<indexes itemClass="oracle.dbtools.crest.model.design.relational.Index">
<ind_PK_UK id="982A3F75-833B-53C0-CB92-608384654573" name="DIM_PRODUCT_PK">
<createdBy>Eugene</createdBy>
<createdTime>2019-11-21 16:16:58 UTC</createdTime>
<ownerDesignName>olap</ownerDesignName>
<pk>true</pk>
<indexState>Primary Constraint</indexState>
<isSurrogateKey>false</isSurrogateKey>
<indexColumnUsage>
<colUsage columnID="17E1D015-9428-058E-1E73-6627DDD9D15F"/>
</indexColumnUsage>
</ind_PK_UK>
</indexes>
</Table>