<?xml version = '1.0' encoding = 'UTF-8'?>
<Table class="oracle.dbtools.crest.model.design.relational.Table" directorySegmentName="seg_0" id="F94A64FE-28DE-AA19-C130-CB6BDE85B60E" name="FACT_SALE">
<createdBy>Eugene</createdBy>
<createdTime>2019-11-21 16:15:05 UTC</createdTime>
<ownerDesignName>olap</ownerDesignName>
<ordsAlias>table_1</ordsAlias>
<allowColumnReorder>false</allowColumnReorder>
<existDependencyGenerateInDDl>true</existDependencyGenerateInDDl>
<parsed>true</parsed>
<columns itemClass="oracle.dbtools.crest.model.design.relational.Column">
<Column name="FACT_SALE_ID" id="D92AA888-5E74-2FD7-D18C-280246AE77FC">
<createdBy>Eugene</createdBy>
<createdTime>2019-11-21 16:15:49 UTC</createdTime>
<ownerDesignName>olap</ownerDesignName>
<use>0</use>
<ownDataTypeParameters>,,</ownDataTypeParameters>
<autoIncrementCycle>false</autoIncrementCycle>
</Column>
<Column name="PRODUCT_ID" id="E883DAA3-AE91-72B1-4E0B-325B02D0E507">
<createdBy>Eugene</createdBy>
<createdTime>2019-11-21 16:17:06 UTC</createdTime>
<ownerDesignName>olap</ownerDesignName>
<useDomainConstraints>false</useDomainConstraints>
<use>1</use>
<logicalDatatype>LOGDT011</logicalDatatype>
<ownDataTypeParameters>,,</ownDataTypeParameters>
<previousColumn>false</previousColumn>
<autoIncrementCycle>false</autoIncrementCycle>
<associations>
<colAssociation fkAssociation="54CAF4CE-A15D-BCC1-E7F9-6F3FC789F042" referredColumn="17E1D015-9428-058E-1E73-6627DDD9D15F"/>
</associations>
</Column>
<Column name="DATE_ID" id="F8D5B187-37A9-5139-77CA-107BB779ADDC">
<createdBy>Eugene</createdBy>
<createdTime>2019-11-21 16:26:32 UTC</createdTime>
<ownerDesignName>olap</ownerDesignName>
<useDomainConstraints>false</useDomainConstraints>
<use>1</use>
<logicalDatatype>LOGDT025</logicalDatatype>
<dataTypeSize>8 CHAR</dataTypeSize>
<ownDataTypeParameters>,,</ownDataTypeParameters>
<previousColumn>false</previousColumn>
<autoIncrementCycle>false</autoIncrementCycle>
<associations>
<colAssociation fkAssociation="7A598350-C9FB-99E9-A8EB-AC04EC7567C3" referredColumn="4BC053A7-8902-56EE-6114-BF18F75EA4AA"/>
</associations>
</Column>
<Column name="LOCATION_CODE" id="AE84F7DA-39C7-1ED7-E548-D55BF45E899C">
<createdBy>Eugene</createdBy>
<createdTime>2019-11-21 16:36:44 UTC</createdTime>
<ownerDesignName>olap</ownerDesignName>
<useDomainConstraints>false</useDomainConstraints>
<use>1</use>
<logicalDatatype>LOGDT011</logicalDatatype>
<ownDataTypeParameters>,,</ownDataTypeParameters>
<previousColumn>false</previousColumn>
<autoIncrementCycle>false</autoIncrementCycle>
<associations>
<colAssociation fkAssociation="67DFE143-83B7-7995-D92E-47DC5475E95C" referredColumn="E432C757-A8C1-BE20-70B2-7C036766E2D4"/>
</associations>
</Column>
<Column name="PRICE" id="931F7DD3-DA69-D4DD-9200-2CD17A3025E0">
<createdBy>Eugene</createdBy>
<createdTime>2019-11-21 16:49:30 UTC</createdTime>
<ownerDesignName>olap</ownerDesignName>
<nullsAllowed>true</nullsAllowed>
<useDomainConstraints>false</useDomainConstraints>
<use>1</use>
<logicalDatatype>LOGDT019</logicalDatatype>
<dataTypePrecision>38</dataTypePrecision>
<dataTypeScale>2</dataTypeScale>
<ownDataTypeParameters>,38,2</ownDataTypeParameters>
<autoIncrementCycle>false</autoIncrementCycle>
</Column>
<Column name="AMOUNT" id="32204223-642D-513A-C17B-A9553E07739C">
<createdBy>Eugene</createdBy>
<createdTime>2019-11-21 16:49:30 UTC</createdTime>
<ownerDesignName>olap</ownerDesignName>
<nullsAllowed>true</nullsAllowed>
<useDomainConstraints>false</useDomainConstraints>
<use>1</use>
<logicalDatatype>LOGDT019</logicalDatatype>
<dataTypePrecision>38</dataTypePrecision>
<dataTypeScale>2</dataTypeScale>
<ownDataTypeParameters>,38,2</ownDataTypeParameters>
<autoIncrementCycle>false</autoIncrementCycle>
</Column>
<Column name="QUANTITY" id="C77D3839-1A31-918D-2168-5599D9F40838">
<createdBy>Eugene</createdBy>
<createdTime>2019-11-21 16:49:30 UTC</createdTime>
<ownerDesignName>olap</ownerDesignName>
<nullsAllowed>true</nullsAllowed>
<useDomainConstraints>false</useDomainConstraints>
<use>1</use>
<logicalDatatype>LOGDT019</logicalDatatype>
<dataTypePrecision>38</dataTypePrecision>
<ownDataTypeParameters>,38,</ownDataTypeParameters>
<autoIncrementCycle>false</autoIncrementCycle>
</Column>
<Column name="DISCOUNT" id="18B0421E-38F9-DD24-269F-73842E2331A9">
<createdBy>Eugene</createdBy>
<createdTime>2019-11-21 16:49:30 UTC</createdTime>
<ownerDesignName>olap</ownerDesignName>
<nullsAllowed>true</nullsAllowed>
<useDomainConstraints>false</useDomainConstraints>
<use>1</use>
<logicalDatatype>LOGDT019</logicalDatatype>
<dataTypePrecision>38</dataTypePrecision>
<dataTypeScale>2</dataTypeScale>
<ownDataTypeParameters>,38,2</ownDataTypeParameters>
<autoIncrementCycle>false</autoIncrementCycle>
</Column>
</columns>
<indexes itemClass="oracle.dbtools.crest.model.design.relational.Index">
<ind_PK_UK id="0C095ED5-9847-BCBC-23E1-DF3F7E0E1129" name="FACT_SALE_PK">
<createdBy>Eugene</createdBy>
<createdTime>2019-11-21 16:15:49 UTC</createdTime>
<ownerDesignName>olap</ownerDesignName>
<pk>true</pk>
<indexState>Primary Constraint</indexState>
<isSurrogateKey>false</isSurrogateKey>
<indexColumnUsage>
<colUsage columnID="D92AA888-5E74-2FD7-D18C-280246AE77FC"/>
</indexColumnUsage>
</ind_PK_UK>
<ind_PK_UK id="66E34B2B-71F6-2A46-F434-07E7A6201B14" name="FACT_SALE_DIM_PRODUCT_FK">
<createdBy>Eugene</createdBy>
<createdTime>2019-11-21 16:17:06 UTC</createdTime>
<ownerDesignName>olap</ownerDesignName>
<indexState>Foreign Key</indexState>
<isSurrogateKey>false</isSurrogateKey>
<indexColumnUsage>
<colUsage columnID="E883DAA3-AE91-72B1-4E0B-325B02D0E507"/>
</indexColumnUsage>
</ind_PK_UK>
<ind_PK_UK id="FCE14E71-A8C6-86A9-EA31-84EC71195D89" name="FACT_SALE_DIM_DATE_FK">
<createdBy>Eugene</createdBy>
<createdTime>2019-11-21 16:26:32 UTC</createdTime>
<ownerDesignName>olap</ownerDesignName>
<indexState>Foreign Key</indexState>
<isSurrogateKey>false</isSurrogateKey>
<indexColumnUsage>
<colUsage columnID="F8D5B187-37A9-5139-77CA-107BB779ADDC"/>
</indexColumnUsage>
</ind_PK_UK>
<ind_PK_UK id="BC6A233B-F8DE-DC45-6817-1DC86BF5F9EE" name="FACT_SALE_DIM_LOCATION_FK">
<createdBy>Eugene</createdBy>
<createdTime>2019-11-21 16:36:44 UTC</createdTime>
<ownerDesignName>olap</ownerDesignName>
<indexState>Foreign Key</indexState>
<isSurrogateKey>false</isSurrogateKey>
<indexColumnUsage>
<colUsage columnID="AE84F7DA-39C7-1ED7-E548-D55BF45E899C"/>
</indexColumnUsage>
</ind_PK_UK>
</indexes>
</Table>