<?xml version = '1.0' encoding = 'UTF-8'?>
<Table class="oracle.dbtools.crest.model.design.relational.Table" directorySegmentName="seg_0" id="BFA3BB24-1612-A667-6FF5-2D3AFB1545D8" name="DIM_COUNTRY">
<createdBy>Eugene</createdBy>
<createdTime>2019-11-21 16:38:26 UTC</createdTime>
<ownerDesignName>olap</ownerDesignName>
<ordsAlias>table_8</ordsAlias>
<allowColumnReorder>false</allowColumnReorder>
<existDependencyGenerateInDDl>true</existDependencyGenerateInDDl>
<parsed>true</parsed>
<columns itemClass="oracle.dbtools.crest.model.design.relational.Column">
<Column name="COUNTRY_CODE" id="CB042440-F8EA-3587-C61E-F0FE952624AD">
<createdBy>Eugene</createdBy>
<createdTime>2019-11-21 16:38:38 UTC</createdTime>
<ownerDesignName>olap</ownerDesignName>
<use>0</use>
<ownDataTypeParameters>,,</ownDataTypeParameters>
<autoIncrementCycle>false</autoIncrementCycle>
</Column>
</columns>
<indexes itemClass="oracle.dbtools.crest.model.design.relational.Index">
<ind_PK_UK id="E7835C80-3BFF-40DA-EB6C-25A5A892BE69" name="DIM_COUNTRY_PK">
<createdBy>Eugene</createdBy>
<createdTime>2019-11-21 16:38:38 UTC</createdTime>
<ownerDesignName>olap</ownerDesignName>
<pk>true</pk>
<indexState>Primary Constraint</indexState>
<isSurrogateKey>false</isSurrogateKey>
<indexColumnUsage>
<colUsage columnID="CB042440-F8EA-3587-C61E-F0FE952624AD"/>
</indexColumnUsage>
</ind_PK_UK>
</indexes>
</Table>
