<?xml version = '1.0' encoding = 'UTF-8'?>
<Table class="oracle.dbtools.crest.model.design.relational.Table" directorySegmentName="seg_0" id="E0198390-5BFE-17CD-D2F3-C0CBAABF7AFD" name="DIM_REGION">
<createdBy>Eugene</createdBy>
<createdTime>2019-11-21 16:38:06 UTC</createdTime>
<ownerDesignName>olap</ownerDesignName>
<ordsAlias>table_7</ordsAlias>
<allowColumnReorder>false</allowColumnReorder>
<existDependencyGenerateInDDl>true</existDependencyGenerateInDDl>
<parsed>true</parsed>
<columns itemClass="oracle.dbtools.crest.model.design.relational.Column">
<Column name="REGION_CODE" id="02AD9315-C9DC-4F5C-7D05-FB77511F12CE">
<createdBy>Eugene</createdBy>
<createdTime>2019-11-21 16:38:23 UTC</createdTime>
<ownerDesignName>olap</ownerDesignName>
<use>0</use>
<ownDataTypeParameters>,,</ownDataTypeParameters>
<autoIncrementCycle>false</autoIncrementCycle>
</Column>
<Column name="DIM_COUNTRY_COUNTRY_CODE" id="7E918526-8282-33F2-21BD-04CA978EA3AD">
<createdBy>Eugene</createdBy>
<createdTime>2019-11-21 16:38:50 UTC</createdTime>
<ownerDesignName>olap</ownerDesignName>
<use>0</use>
<ownDataTypeParameters>,,</ownDataTypeParameters>
<previousColumn>false</previousColumn>
<autoIncrementCycle>false</autoIncrementCycle>
<associations>
<colAssociation fkAssociation="B4CA7496-AA28-0A12-8EE9-C3820B4882BD" referredColumn="CB042440-F8EA-3587-C61E-F0FE952624AD"/>
</associations>
</Column>
</columns>
<indexes itemClass="oracle.dbtools.crest.model.design.relational.Index">
<ind_PK_UK id="A01989CB-D0A9-A7A6-4334-2E15BFEAB7C4" name="DIM_REGION_PK">
<createdBy>Eugene</createdBy>
<createdTime>2019-11-21 16:38:23 UTC</createdTime>
<ownerDesignName>olap</ownerDesignName>
<pk>true</pk>
<indexState>Primary Constraint</indexState>
<isSurrogateKey>false</isSurrogateKey>
<indexColumnUsage>
<colUsage columnID="02AD9315-C9DC-4F5C-7D05-FB77511F12CE"/>
</indexColumnUsage>
</ind_PK_UK>
<ind_PK_UK id="176A5F22-8CC7-C937-E4E6-B81A8E672696" name="DIM_REGION_DIM_COUNTRY_FK">
<createdBy>Eugene</createdBy>
<createdTime>2019-11-21 16:38:50 UTC</createdTime>
<ownerDesignName>olap</ownerDesignName>
<indexState>Foreign Key</indexState>
<isSurrogateKey>false</isSurrogateKey>
<indexColumnUsage>
<colUsage columnID="7E918526-8282-33F2-21BD-04CA978EA3AD"/>
</indexColumnUsage>
</ind_PK_UK>
</indexes>
</Table>
