<?xml version = '1.0' encoding = 'UTF-8'?>
<Table class="oracle.dbtools.crest.model.design.relational.Table" directorySegmentName="seg_0" id="E8C38B06-7B9A-7753-15D3-0C881B255BE5" name="DIM_DATE">
<createdBy>Eugene</createdBy>
<createdTime>2019-11-21 16:21:23 UTC</createdTime>
<ownerDesignName>olap</ownerDesignName>
<ordsAlias>table_4</ordsAlias>
<allowColumnReorder>false</allowColumnReorder>
<existDependencyGenerateInDDl>true</existDependencyGenerateInDDl>
<parsed>true</parsed>
<columns itemClass="oracle.dbtools.crest.model.design.relational.Column">
<Column name="DATE_ID" id="4BC053A7-8902-56EE-6114-BF18F75EA4AA">
<createdBy>Eugene</createdBy>
<createdTime>2019-11-21 16:26:27 UTC</createdTime>
<ownerDesignName>olap</ownerDesignName>
<useDomainConstraints>false</useDomainConstraints>
<use>1</use>
<logicalDatatype>LOGDT025</logicalDatatype>
<dataTypeSize>8 CHAR</dataTypeSize>
<ownDataTypeParameters>8 CHAR,,</ownDataTypeParameters>
<autoIncrementCycle>false</autoIncrementCycle>
</Column>
<Column name="LEVEL" id="D60F17A5-6F18-EE21-FE9C-2CFD5D1587F6">
<createdBy>Eugene</createdBy>
<createdTime>2019-11-21 16:28:56 UTC</createdTime>
<ownerDesignName>olap</ownerDesignName>
<nullsAllowed>true</nullsAllowed>
<useDomainConstraints>false</useDomainConstraints>
<use>1</use>
<logicalDatatype>LOGDT011</logicalDatatype>
<ownDataTypeParameters>,,</ownDataTypeParameters>
<autoIncrementCycle>false</autoIncrementCycle>
</Column>
</columns>
<indexes itemClass="oracle.dbtools.crest.model.design.relational.Index">
<ind_PK_UK id="C773606C-890D-B051-B343-4A1B3CA4147A" name="DIM_DATE_PK">
<createdBy>Eugene</createdBy>
<createdTime>2019-11-21 16:26:27 UTC</createdTime>
<ownerDesignName>olap</ownerDesignName>
<pk>true</pk>
<indexState>Primary Constraint</indexState>
<isSurrogateKey>false</isSurrogateKey>
<indexColumnUsage>
<colUsage columnID="4BC053A7-8902-56EE-6114-BF18F75EA4AA"/>
</indexColumnUsage>
</ind_PK_UK>
</indexes>
</Table>
