<?xml version = '1.0' encoding = 'UTF-8'?>
<Table class="oracle.dbtools.crest.model.design.relational.Table" directorySegmentName="seg_0" id="FA4D6BEA-D5C8-62C6-EBB3-1289D022F91F" name="DIM_CITY">
<createdBy>Eugene</createdBy>
<createdTime>2019-11-21 16:31:49 UTC</createdTime>
<ownerDesignName>olap</ownerDesignName>
<ordsAlias>table_5</ordsAlias>
<allowColumnReorder>false</allowColumnReorder>
<existDependencyGenerateInDDl>true</existDependencyGenerateInDDl>
<parsed>true</parsed>
<columns itemClass="oracle.dbtools.crest.model.design.relational.Column">
<Column name="LOCATION_CODE" id="E432C757-A8C1-BE20-70B2-7C036766E2D4">
<createdBy>Eugene</createdBy>
<createdTime>2019-11-21 16:32:19 UTC</createdTime>
<ownerDesignName>olap</ownerDesignName>
<useDomainConstraints>false</useDomainConstraints>
<use>1</use>
<logicalDatatype>LOGDT011</logicalDatatype>
<ownDataTypeParameters>,,</ownDataTypeParameters>
<autoIncrementCycle>false</autoIncrementCycle>
</Column>
<Column name="LOCATION_NAME" id="01694A48-4A42-2D33-FF06-E43F89E70C47">
<createdBy>Eugene</createdBy>
<createdTime>2019-11-21 16:35:31 UTC</createdTime>
<ownerDesignName>olap</ownerDesignName>
<nullsAllowed>true</nullsAllowed>
<use>0</use>
<ownDataTypeParameters>,,</ownDataTypeParameters>
<autoIncrementCycle>false</autoIncrementCycle>
</Column>
<Column name="DIM_REGION_REGION_CODE" id="E09814FD-3F7E-581E-FDE4-E9A45F8770B3">
<createdBy>Eugene</createdBy>
<createdTime>2019-11-21 16:38:55 UTC</createdTime>
<ownerDesignName>olap</ownerDesignName>
<use>0</use>
<ownDataTypeParameters>,,</ownDataTypeParameters>
<previousColumn>false</previousColumn>
<autoIncrementCycle>false</autoIncrementCycle>
<associations>
<colAssociation fkAssociation="3DD916B2-A56D-FA62-9C68-0935D5966D06" referredColumn="02AD9315-C9DC-4F5C-7D05-FB77511F12CE"/>
</associations>
</Column>
</columns>
<indexes itemClass="oracle.dbtools.crest.model.design.relational.Index">
<ind_PK_UK id="77C9140A-1FE5-1495-EA5A-42E78F41CB15" name="DIM_LOCATION_PK">
<createdBy>Eugene</createdBy>
<createdTime>2019-11-21 16:32:19 UTC</createdTime>
<ownerDesignName>olap</ownerDesignName>
<pk>true</pk>
<indexState>Primary Constraint</indexState>
<isSurrogateKey>false</isSurrogateKey>
<indexColumnUsage>
<colUsage columnID="E432C757-A8C1-BE20-70B2-7C036766E2D4"/>
</indexColumnUsage>
</ind_PK_UK>
<ind_PK_UK id="89A3BC8C-EC06-5334-BCEB-A7E5F3291F31" name="DIM_CITY_DIM_REGION_FK">
<createdBy>Eugene</createdBy>
<createdTime>2019-11-21 16:38:55 UTC</createdTime>
<ownerDesignName>olap</ownerDesignName>
<indexState>Foreign Key</indexState>
<isSurrogateKey>false</isSurrogateKey>
<indexColumnUsage>
<colUsage columnID="E09814FD-3F7E-581E-FDE4-E9A45F8770B3"/>
</indexColumnUsage>
</ind_PK_UK>
</indexes>
</Table>
