<?xml version = '1.0' encoding = 'UTF-8'?>
<FKIndexAssociation class="oracle.dbtools.crest.model.design.relational.FKIndexAssociation" directorySegmentName="seg_0" id="7E979D3C-F3C6-5245-8FA7-2143EBD23FB5" containerWithKeyObject="42F51BF9-2254-7B4E-9E0D-9C624DFC33AD" localFKIndex="EA8576BE-9E87-FCD6-11BB-38E5C7249F8B" name="FACT_SALE_DIM_PRODUCT_FK">
<createdBy>Eugene</createdBy>
<createdTime>2019-11-21 17:28:00 UTC</createdTime>
<ownerDesignName>olap</ownerDesignName>
<referredTableLongName>DIM_PRODUCT</referredTableLongName>
<deleteRule>NO ACTION</deleteRule>
<referredTableID>56A638C0-7BE3-FD75-3FE8-C6E13625163A</referredTableID>
<keyObject>1D88A567-E93E-136B-6E2D-4914506E01A9</keyObject>
<referredKeyID>1D88A567-E93E-136B-6E2D-4914506E01A9</referredKeyID>
<mandatory>true</mandatory>
<refColNames>PRODUCT_ID</refColNames>
<transferable>true</transferable>
<rely>false</rely>
<columnDependencyConstraintGenerateInDDL>true</columnDependencyConstraintGenerateInDDL>
</FKIndexAssociation>
