<?xml version = '1.0' encoding = 'UTF-8'?>
<FKIndexAssociation class="oracle.dbtools.crest.model.design.relational.FKIndexAssociation" directorySegmentName="seg_0" id="CBEBA2E9-41C4-8C11-D2A8-E4615EE80E68" containerWithKeyObject="42F51BF9-2254-7B4E-9E0D-9C624DFC33AD" localFKIndex="B65C0F60-4CFE-93A4-C4E6-2737FDDA1B8D" name="FACT_SALE_DIM_DATE_FK">
<createdBy>Eugene</createdBy>
<createdTime>2019-11-21 17:28:05 UTC</createdTime>
<ownerDesignName>olap</ownerDesignName>
<referredTableLongName>DIM_DATE</referredTableLongName>
<deleteRule>NO ACTION</deleteRule>
<referredTableID>0129AF79-D23D-88CA-83CE-9DF1D5D43132</referredTableID>
<keyObject>E1BEE0DA-FDBA-3426-CCEE-34E24B451EF5</keyObject>
<referredKeyID>E1BEE0DA-FDBA-3426-CCEE-34E24B451EF5</referredKeyID>
<mandatory>true</mandatory>
<refColNames>DATE_ID</refColNames>
<transferable>true</transferable>
<rely>false</rely>
<columnDependencyConstraintGenerateInDDL>true</columnDependencyConstraintGenerateInDDL>
</FKIndexAssociation>
