<?xml version = '1.0' encoding = 'UTF-8'?>
<FKIndexAssociation class="oracle.dbtools.crest.model.design.relational.FKIndexAssociation" directorySegmentName="seg_0" id="CE3A2F8C-2144-957F-F2C7-B34BCBA0E420" containerWithKeyObject="42F51BF9-2254-7B4E-9E0D-9C624DFC33AD" localFKIndex="8FC6411E-BC1B-5F43-8475-61667BCFCD3B" name="FACT_SALE_DIM_LOCATION_FK">
<createdBy>Eugene</createdBy>
<createdTime>2019-11-21 17:28:08 UTC</createdTime>
<ownerDesignName>olap</ownerDesignName>
<referredTableLongName>DIM_LOCATION</referredTableLongName>
<deleteRule>NO ACTION</deleteRule>
<referredTableID>30465D9F-50A0-C1A3-636F-0EBD2169AD84</referredTableID>
<keyObject>748DD6D7-8271-30F6-0050-0781D0975FEB</keyObject>
<referredKeyID>748DD6D7-8271-30F6-0050-0781D0975FEB</referredKeyID>
<mandatory>true</mandatory>
<refColNames>LOCATION_CODE</refColNames>
<transferable>true</transferable>
<rely>false</rely>
<columnDependencyConstraintGenerateInDDL>true</columnDependencyConstraintGenerateInDDL>
</FKIndexAssociation>
