<?xml version = '1.0' encoding = 'UTF-8'?>
<DomainFile class="oracle.dbtools.crest.model.design.DomainFileWrapper" fileName="defaultdomains">
<domains>
<Domain class="oracle.dbtools.crest.model.design.Domain" name="CREATE_DATE" id="1D586D06-A4FF-2B9D-BC8C-BFFCB501E0D3">
<createdBy>Eugene</createdBy>
<createdTime>2019-09-07 13:39:53 UTC</createdTime>
<ownerDesignName>System</ownerDesignName>
<avTSortOrder>0</avTSortOrder>
<defaultValue>SYSDATE</defaultValue>
<fileName>defaultdomains</fileName>
<logicalDatatype>LOGDT008</logicalDatatype>
<listOfRanges>
<rangeDef class="oracle.dbtools.crest.model.design.constraint.AVT">
<beginValue>SYSDATE</beginValue>
</rangeDef>
</listOfRanges>
</Domain>
<Domain class="oracle.dbtools.crest.model.design.Domain" name="Unknown" id="DOM3000004">
<createdBy>Eugene</createdBy>
<createdTime>2019-09-07 13:19:45 UTC</createdTime>
<ownerDesignName>System</ownerDesignName>
<avTSortOrder>0</avTSortOrder>
<fileName>defaultdomains</fileName>
<logicalDatatype>LOGDT017</logicalDatatype>
</Domain>
<Domain class="oracle.dbtools.crest.model.design.Domain" name="PERSON_NAME" id="EA16C15B-E539-4C1F-6AC3-BAF305037CBE">
<createdBy>Eugene</createdBy>
<createdTime>2019-09-07 13:31:30 UTC</createdTime>
<ownerDesignName>System</ownerDesignName>
<avTSortOrder>0</avTSortOrder>
<dataTypeSize>250 CHAR</dataTypeSize>
<fileName>defaultdomains</fileName>
<logicalDatatype>LOGDT024</logicalDatatype>
</Domain>
<Domain class="oracle.dbtools.crest.model.design.Domain" name="RECORD_STATUS" id="F4AAA98A-8CA4-6A16-0C7E-124F46991E6D">
<createdBy>Eugene</createdBy>
<createdTime>2019-09-07 13:43:09 UTC</createdTime>
<ownerDesignName>System</ownerDesignName>
<avTSortOrder>0</avTSortOrder>
<dataTypeSize>1</dataTypeSize>
<fileName>defaultdomains</fileName>
<logicalDatatype>LOGDT025</logicalDatatype>
<listOfValues>
<valueDef value="A" description=""/>
<valueDef value="I" description=""/>
</listOfValues>
</Domain>
</domains>
</DomainFile>
