<?xml version = '1.0' encoding = 'UTF-8'?>
<FKIndexAssociation class="oracle.dbtools.crest.model.design.relational.FKIndexAssociation" directorySegmentName="seg_0" id="219CC02C-0965-92F8-1D55-863BB21F5EDB" containerWithKeyObject="4B07F108-13E4-F954-8748-9CD3E9C54AD4" localFKIndex="B643BE4F-2990-633C-EB42-845AAD4E11F5" name="FACT_DIM_2_FK">
<createdBy>Eugene</createdBy>
<createdTime>2019-11-21 16:09:48 UTC</createdTime>
<ownerDesignName>olap</ownerDesignName>
<referredTableLongName>DIM_2</referredTableLongName>
<deleteRule>NO ACTION</deleteRule>
<referredTableID>BD17DD47-EA03-06B8-C66B-6125481260CF</referredTableID>
<keyObject>F140E48C-2F3A-FED8-2341-6372EF01FC7F</keyObject>
<referredKeyID>F140E48C-2F3A-FED8-2341-6372EF01FC7F</referredKeyID>
<mandatory>true</mandatory>
<refColNames>DIM2_ID</refColNames>
<transferable>true</transferable>
<rely>false</rely>
<columnDependencyConstraintGenerateInDDL>true</columnDependencyConstraintGenerateInDDL>
</FKIndexAssociation>
