<?xml version = '1.0' encoding = 'UTF-8'?>
<Table class="oracle.dbtools.crest.model.design.relational.Table" directorySegmentName="seg_0" id="3BAAA202-3942-981C-6238-BB13FF95740A" name="DIM_3">
<createdBy>Eugene</createdBy>
<createdTime>2019-11-21 16:09:00 UTC</createdTime>
<ownerDesignName>olap</ownerDesignName>
<ordsAlias>table_4</ordsAlias>
<allowColumnReorder>false</allowColumnReorder>
<existDependencyGenerateInDDl>true</existDependencyGenerateInDDl>
<parsed>true</parsed>
<columns itemClass="oracle.dbtools.crest.model.design.relational.Column">
<Column name="DIM3_ID" id="D8885B93-3ABD-2AF4-792E-86D6C2FC7784">
<createdBy>Eugene</createdBy>
<createdTime>2019-11-21 16:09:34 UTC</createdTime>
<ownerDesignName>olap</ownerDesignName>
<useDomainConstraints>false</useDomainConstraints>
<use>1</use>
<logicalDatatype>LOGDT011</logicalDatatype>
<ownDataTypeParameters>,,</ownDataTypeParameters>
<autoIncrementCycle>false</autoIncrementCycle>
</Column>
</columns>
<indexes itemClass="oracle.dbtools.crest.model.design.relational.Index">
<ind_PK_UK id="ED57BB6A-53C9-2497-B02C-575D48AAB21A" name="DIM_3_PK">
<createdBy>Eugene</createdBy>
<createdTime>2019-11-21 16:09:34 UTC</createdTime>
<ownerDesignName>olap</ownerDesignName>
<pk>true</pk>
<indexState>Primary Constraint</indexState>
<isSurrogateKey>false</isSurrogateKey>
<indexColumnUsage>
<colUsage columnID="D8885B93-3ABD-2AF4-792E-86D6C2FC7784"/>
</indexColumnUsage>
</ind_PK_UK>
</indexes>
</Table>
