<?xml version = '1.0' encoding = 'UTF-8'?>
<Table class="oracle.dbtools.crest.model.design.relational.Table" directorySegmentName="seg_0" id="BD17DD47-EA03-06B8-C66B-6125481260CF" name="DIM_2">
<createdBy>Eugene</createdBy>
<createdTime>2019-11-21 16:08:54 UTC</createdTime>
<ownerDesignName>olap</ownerDesignName>
<ordsAlias>table_3</ordsAlias>
<allowColumnReorder>false</allowColumnReorder>
<existDependencyGenerateInDDl>true</existDependencyGenerateInDDl>
<parsed>true</parsed>
<columns itemClass="oracle.dbtools.crest.model.design.relational.Column">
<Column name="DIM2_ID" id="D830E28D-032E-7CBB-CCEC-28851CD7EE7B">
<createdBy>Eugene</createdBy>
<createdTime>2019-11-21 16:09:27 UTC</createdTime>
<ownerDesignName>olap</ownerDesignName>
<useDomainConstraints>false</useDomainConstraints>
<use>1</use>
<logicalDatatype>LOGDT011</logicalDatatype>
<ownDataTypeParameters>,,</ownDataTypeParameters>
<autoIncrementCycle>false</autoIncrementCycle>
</Column>
</columns>
<indexes itemClass="oracle.dbtools.crest.model.design.relational.Index">
<ind_PK_UK id="F140E48C-2F3A-FED8-2341-6372EF01FC7F" name="DIM_2_PK">
<createdBy>Eugene</createdBy>
<createdTime>2019-11-21 16:09:27 UTC</createdTime>
<ownerDesignName>olap</ownerDesignName>
<pk>true</pk>
<indexState>Primary Constraint</indexState>
<isSurrogateKey>false</isSurrogateKey>
<indexColumnUsage>
<colUsage columnID="D830E28D-032E-7CBB-CCEC-28851CD7EE7B"/>
</indexColumnUsage>
</ind_PK_UK>
</indexes>
</Table>
