<?xml version = '1.0' encoding = 'UTF-8'?>
<Table class="oracle.dbtools.crest.model.design.relational.Table" directorySegmentName="seg_0" id="CABDF082-04CF-2971-F343-10A91EE29A16" name="DIM_1">
<createdBy>Eugene</createdBy>
<createdTime>2019-11-21 16:08:43 UTC</createdTime>
<ownerDesignName>olap</ownerDesignName>
<ordsAlias>table_2</ordsAlias>
<allowColumnReorder>false</allowColumnReorder>
<existDependencyGenerateInDDl>true</existDependencyGenerateInDDl>
<parsed>true</parsed>
<columns itemClass="oracle.dbtools.crest.model.design.relational.Column">
<Column name="DIM1_ID" id="58E19402-DFD5-CABC-6592-E1C870B3F03F">
<createdBy>Eugene</createdBy>
<createdTime>2019-11-21 16:09:17 UTC</createdTime>
<ownerDesignName>olap</ownerDesignName>
<useDomainConstraints>false</useDomainConstraints>
<use>1</use>
<logicalDatatype>LOGDT011</logicalDatatype>
<ownDataTypeParameters>,,</ownDataTypeParameters>
<autoIncrementCycle>false</autoIncrementCycle>
</Column>
</columns>
<indexes itemClass="oracle.dbtools.crest.model.design.relational.Index">
<ind_PK_UK id="45A8691A-B743-0C55-18C8-385C9C7F2839" name="DIM_1_PK">
<createdBy>Eugene</createdBy>
<createdTime>2019-11-21 16:09:17 UTC</createdTime>
<ownerDesignName>olap</ownerDesignName>
<pk>true</pk>
<indexState>Primary Constraint</indexState>
<isSurrogateKey>false</isSurrogateKey>
<indexColumnUsage>
<colUsage columnID="58E19402-DFD5-CABC-6592-E1C870B3F03F"/>
</indexColumnUsage>
</ind_PK_UK>
</indexes>
</Table>
