<?xml version = '1.0' encoding = 'UTF-8'?>
<Diagram class="oracle.dbtools.crest.swingui.relational.DPVRelational" name="Generic_Cube" id="D744D699-0716-C8A3-6D99-1704FD69220B">
<createdBy>Eugene</createdBy>
<modifiedBy>Eugene</modifiedBy>
<createdTime>2019-11-21 16:08:31 UTC</createdTime>
<autoRoute>false</autoRoute>
<boxInbox>true</boxInbox>
<showLegend>false</showLegend>
<showLabels>false</showLabels>
<showRelAttributes>false</showRelAttributes>
<gridEnabled>false</gridEnabled>
<showGrid>false</showGrid>
<diagramColor>-1</diagramColor>
<display>false</display>
<notation>1</notation>
<objectViews>
<OView class="oracle.dbtools.crest.swingui.relational.TVTable" oid="3BAAA202-3942-981C-6238-BB13FF95740A" otype="Table" vid="013E8556-3E19-BD56-F2E3-D8ED01A5455E">
<hideElementsInCurrentOnly>false</hideElementsInCurrentOnly>
<bounds x="219" y="424" width="170" height="110"/>
</OView>
<OView class="oracle.dbtools.crest.swingui.relational.TVTable" oid="4B07F108-13E4-F954-8748-9CD3E9C54AD4" otype="Table" vid="F2B1952D-CF27-D8E8-062B-516E27B25749">
<hideElementsInCurrentOnly>false</hideElementsInCurrentOnly>
<bounds x="198" y="182" width="216" height="193"/>
</OView>
<OView class="oracle.dbtools.crest.swingui.relational.TVTable" oid="BD17DD47-EA03-06B8-C66B-6125481260CF" otype="Table" vid="690880B2-3ED7-132B-DC69-5ED081B3B909">
<hideElementsInCurrentOnly>false</hideElementsInCurrentOnly>
<bounds x="427" y="27" width="170" height="110"/>
</OView>
<OView class="oracle.dbtools.crest.swingui.relational.TVTable" oid="CABDF082-04CF-2971-F343-10A91EE29A16" otype="Table" vid="2496F551-C045-5794-7BF1-7BE0231EB5A4">
<hideElementsInCurrentOnly>false</hideElementsInCurrentOnly>
<bounds x="7" y="53" width="170" height="110"/>
</OView>
</objectViews>
<connectors>
<Connector class="oracle.dbtools.crest.swingui.relational.TVFKRelation" oid="0AC93283-11B8-2DC9-1192-81A07D92D348" otype="FKIndexAssociation" vid_source="2496F551-C045-5794-7BF1-7BE0231EB5A4" vid_target="F2B1952D-CF27-D8E8-062B-516E27B25749">
<hideElementsInCurrentOnly>false</hideElementsInCurrentOnly>
<backgroundColor>-16777216</backgroundColor>
<lineWidth>1</lineWidth>
<points>
<point x="161" y="163"/>
<point x="198" y="192"/>
</points>
</Connector>
<Connector class="oracle.dbtools.crest.swingui.relational.TVFKRelation" oid="219CC02C-0965-92F8-1D55-863BB21F5EDB" otype="FKIndexAssociation" vid_source="690880B2-3ED7-132B-DC69-5ED081B3B909" vid_target="F2B1952D-CF27-D8E8-062B-516E27B25749">
<hideElementsInCurrentOnly>false</hideElementsInCurrentOnly>
<backgroundColor>-16777216</backgroundColor>
<lineWidth>1</lineWidth>
<points>
<point x="454" y="137"/>
<point x="407" y="182"/>
</points>
</Connector>
<Connector class="oracle.dbtools.crest.swingui.relational.TVFKRelation" oid="B4CE112E-193B-5249-5A66-E082555A3283" otype="FKIndexAssociation" vid_source="013E8556-3E19-BD56-F2E3-D8ED01A5455E" vid_target="F2B1952D-CF27-D8E8-062B-516E27B25749">
<hideElementsInCurrentOnly>false</hideElementsInCurrentOnly>
<backgroundColor>-16777216</backgroundColor>
<lineWidth>1</lineWidth>
<points>
<point x="304" y="424"/>
<point x="304" y="375"/>
</points>
</Connector>
</connectors>
</Diagram>
