<?xml version = '1.0' encoding = 'UTF-8'?>
<Table class="oracle.dbtools.crest.model.design.relational.Table" directorySegmentName="seg_0" id="0129AF79-D23D-88CA-83CE-9DF1D5D43132" name="DIM_DATE">
<createdBy>Eugene</createdBy>
<createdTime>2019-11-21 17:26:59 UTC</createdTime>
<ownerDesignName>olap</ownerDesignName>
<ordsAlias>table_4</ordsAlias>
<allowColumnReorder>false</allowColumnReorder>
<existDependencyGenerateInDDl>true</existDependencyGenerateInDDl>
<parsed>true</parsed>
<columns itemClass="oracle.dbtools.crest.model.design.relational.Column">
<Column name="DATE_ID" id="E8553969-74C3-0F08-820C-28A07B8C5DE0">
<createdBy>Eugene</createdBy>
<createdTime>2019-11-21 17:26:59 UTC</createdTime>
<ownerDesignName>olap</ownerDesignName>
<useDomainConstraints>false</useDomainConstraints>
<use>1</use>
<logicalDatatype>LOGDT025</logicalDatatype>
<dataTypeSize>8 CHAR</dataTypeSize>
<ownDataTypeParameters>8 CHAR,,</ownDataTypeParameters>
<autoIncrementCycle>false</autoIncrementCycle>
</Column>
<Column name="LEVEL" id="66F73139-36BF-752D-6E64-4497E129846A">
<createdBy>Eugene</createdBy>
<createdTime>2019-11-21 17:26:59 UTC</createdTime>
<ownerDesignName>olap</ownerDesignName>
<nullsAllowed>true</nullsAllowed>
<useDomainConstraints>false</useDomainConstraints>
<use>1</use>
<logicalDatatype>LOGDT011</logicalDatatype>
<ownDataTypeParameters>,,</ownDataTypeParameters>
<autoIncrementCycle>false</autoIncrementCycle>
</Column>
</columns>
<indexes itemClass="oracle.dbtools.crest.model.design.relational.Index">
<ind_PK_UK id="E1BEE0DA-FDBA-3426-CCEE-34E24B451EF5" name="DIM_DATE_PK">
<createdBy>Eugene</createdBy>
<createdTime>2019-11-21 17:26:59 UTC</createdTime>
<ownerDesignName>olap</ownerDesignName>
<pk>true</pk>
<indexState>Primary Constraint</indexState>
<isSurrogateKey>false</isSurrogateKey>
<indexColumnUsage>
<colUsage columnID="E8553969-74C3-0F08-820C-28A07B8C5DE0"/>
</indexColumnUsage>
</ind_PK_UK>
</indexes>
</Table>
