<?xml version = '1.0' encoding = 'UTF-8'?>
<Table class="oracle.dbtools.crest.model.design.relational.Table" directorySegmentName="seg_0" id="30465D9F-50A0-C1A3-636F-0EBD2169AD84" name="DIM_LOCATION">
<createdBy>Eugene</createdBy>
<createdTime>2019-11-21 17:26:59 UTC</createdTime>
<ownerDesignName>olap</ownerDesignName>
<ordsAlias>table_5</ordsAlias>
<allowColumnReorder>false</allowColumnReorder>
<existDependencyGenerateInDDl>true</existDependencyGenerateInDDl>
<parsed>true</parsed>
<columns itemClass="oracle.dbtools.crest.model.design.relational.Column">
<Column name="LOCATION_CODE" id="40401E9E-C1BB-FCEC-B3B5-A87C5C548819">
<createdBy>Eugene</createdBy>
<createdTime>2019-11-21 17:26:59 UTC</createdTime>
<ownerDesignName>olap</ownerDesignName>
<useDomainConstraints>false</useDomainConstraints>
<use>1</use>
<logicalDatatype>LOGDT011</logicalDatatype>
<ownDataTypeParameters>,,</ownDataTypeParameters>
<autoIncrementCycle>false</autoIncrementCycle>
</Column>
<Column name="LOCATION_NAME" id="ECC228B6-FA4E-DDC0-A232-69A80D9EE2B9">
<createdBy>Eugene</createdBy>
<createdTime>2019-11-21 17:26:59 UTC</createdTime>
<ownerDesignName>olap</ownerDesignName>
<nullsAllowed>true</nullsAllowed>
<use>0</use>
<ownDataTypeParameters>,,</ownDataTypeParameters>
<autoIncrementCycle>false</autoIncrementCycle>
</Column>
<Column name="LEVEL" id="7ECC74BA-9656-221E-F89A-AD7836C3CC5C">
<createdBy>Eugene</createdBy>
<createdTime>2019-11-21 17:27:54 UTC</createdTime>
<ownerDesignName>olap</ownerDesignName>
<nullsAllowed>true</nullsAllowed>
<useDomainConstraints>false</useDomainConstraints>
<use>1</use>
<logicalDatatype>LOGDT011</logicalDatatype>
<ownDataTypeParameters>,,</ownDataTypeParameters>
<autoIncrementCycle>false</autoIncrementCycle>
</Column>
</columns>
<indexes itemClass="oracle.dbtools.crest.model.design.relational.Index">
<ind_PK_UK id="748DD6D7-8271-30F6-0050-0781D0975FEB" name="DIM_LOCATION_PK">
<createdBy>Eugene</createdBy>
<createdTime>2019-11-21 17:26:59 UTC</createdTime>
<ownerDesignName>olap</ownerDesignName>
<pk>true</pk>
<indexState>Primary Constraint</indexState>
<isSurrogateKey>false</isSurrogateKey>
<indexColumnUsage>
<colUsage columnID="40401E9E-C1BB-FCEC-B3B5-A87C5C548819"/>
</indexColumnUsage>
</ind_PK_UK>
</indexes>
</Table>
