<?xml version = '1.0' encoding = 'UTF-8'?>
<Table class="oracle.dbtools.crest.model.design.relational.Table" directorySegmentName="seg_0" id="42F51BF9-2254-7B4E-9E0D-9C624DFC33AD" name="FACT_SALE">
<createdBy>Eugene</createdBy>
<createdTime>2019-11-21 17:26:48 UTC</createdTime>
<ownerDesignName>olap</ownerDesignName>
<ordsAlias>table_1</ordsAlias>
<allowColumnReorder>false</allowColumnReorder>
<existDependencyGenerateInDDl>true</existDependencyGenerateInDDl>
<parsed>true</parsed>
<columns itemClass="oracle.dbtools.crest.model.design.relational.Column">
<Column name="FACT_SALE_ID" id="5C86845E-07E4-87A8-2466-66D6132382AF">
<createdBy>Eugene</createdBy>
<createdTime>2019-11-21 17:26:48 UTC</createdTime>
<ownerDesignName>olap</ownerDesignName>
<use>0</use>
<ownDataTypeParameters>,,</ownDataTypeParameters>
<autoIncrementCycle>false</autoIncrementCycle>
</Column>
<Column name="DATE_ID1" id="07912EC4-913B-5843-798A-E5E986D4B806">
<createdBy>Eugene</createdBy>
<createdTime>2019-11-21 17:28:05 UTC</createdTime>
<ownerDesignName>olap</ownerDesignName>
<useDomainConstraints>false</useDomainConstraints>
<use>1</use>
<logicalDatatype>LOGDT025</logicalDatatype>
<dataTypeSize>8 CHAR</dataTypeSize>
<ownDataTypeParameters>,,</ownDataTypeParameters>
<previousColumn>false</previousColumn>
<autoIncrementCycle>false</autoIncrementCycle>
<associations>
<colAssociation fkAssociation="CBEBA2E9-41C4-8C11-D2A8-E4615EE80E68" referredColumn="E8553969-74C3-0F08-820C-28A07B8C5DE0"/>
</associations>
</Column>
<Column name="PRICE" id="6AEF237A-B66A-A205-D62E-5AE3E471DA00">
<createdBy>Eugene</createdBy>
<createdTime>2019-11-21 17:26:48 UTC</createdTime>
<ownerDesignName>olap</ownerDesignName>
<nullsAllowed>true</nullsAllowed>
<useDomainConstraints>false</useDomainConstraints>
<use>1</use>
<logicalDatatype>LOGDT019</logicalDatatype>
<dataTypePrecision>38</dataTypePrecision>
<dataTypeScale>2</dataTypeScale>
<ownDataTypeParameters>,38,2</ownDataTypeParameters>
<autoIncrementCycle>false</autoIncrementCycle>
</Column>
<Column name="LOCATION_CODE1" id="86D44372-0857-EBD5-7701-E712D20C6126">
<createdBy>Eugene</createdBy>
<createdTime>2019-11-21 17:28:08 UTC</createdTime>
<ownerDesignName>olap</ownerDesignName>
<useDomainConstraints>false</useDomainConstraints>
<use>1</use>
<logicalDatatype>LOGDT011</logicalDatatype>
<ownDataTypeParameters>,,</ownDataTypeParameters>
<previousColumn>false</previousColumn>
<autoIncrementCycle>false</autoIncrementCycle>
<associations>
<colAssociation fkAssociation="CE3A2F8C-2144-957F-F2C7-B34BCBA0E420" referredColumn="40401E9E-C1BB-FCEC-B3B5-A87C5C548819"/>
</associations>
</Column>
<Column name="PRODUCT_ID1" id="A64E3526-7F41-CF93-C8AA-BC8A3BDF683C">
<createdBy>Eugene</createdBy>
<createdTime>2019-11-21 17:28:00 UTC</createdTime>
<ownerDesignName>olap</ownerDesignName>
<useDomainConstraints>false</useDomainConstraints>
<use>1</use>
<logicalDatatype>LOGDT011</logicalDatatype>
<ownDataTypeParameters>,,</ownDataTypeParameters>
<previousColumn>false</previousColumn>
<autoIncrementCycle>false</autoIncrementCycle>
<associations>
<colAssociation fkAssociation="7E979D3C-F3C6-5245-8FA7-2143EBD23FB5" referredColumn="71241031-95E8-868D-34B2-D1390DAA7202"/>
</associations>
</Column>
<Column name="AMOUNT" id="76083B82-7080-4DAB-CA62-A9E916C3F814">
<createdBy>Eugene</createdBy>
<createdTime>2019-11-21 17:26:48 UTC</createdTime>
<ownerDesignName>olap</ownerDesignName>
<nullsAllowed>true</nullsAllowed>
<useDomainConstraints>false</useDomainConstraints>
<use>1</use>
<logicalDatatype>LOGDT019</logicalDatatype>
<dataTypePrecision>38</dataTypePrecision>
<dataTypeScale>2</dataTypeScale>
<ownDataTypeParameters>,38,2</ownDataTypeParameters>
<autoIncrementCycle>false</autoIncrementCycle>
</Column>
<Column name="QUANTITY" id="CD116063-0379-B63D-F2D5-C650CA213672">
<createdBy>Eugene</createdBy>
<createdTime>2019-11-21 17:26:48 UTC</createdTime>
<ownerDesignName>olap</ownerDesignName>
<nullsAllowed>true</nullsAllowed>
<useDomainConstraints>false</useDomainConstraints>
<use>1</use>
<logicalDatatype>LOGDT019</logicalDatatype>
<dataTypePrecision>38</dataTypePrecision>
<ownDataTypeParameters>,38,</ownDataTypeParameters>
<autoIncrementCycle>false</autoIncrementCycle>
</Column>
<Column name="DISCOUNT" id="78829685-1DB4-EB01-7322-175C5DD959CA">
<createdBy>Eugene</createdBy>
<createdTime>2019-11-21 17:26:48 UTC</createdTime>
<ownerDesignName>olap</ownerDesignName>
<nullsAllowed>true</nullsAllowed>
<useDomainConstraints>false</useDomainConstraints>
<use>1</use>
<logicalDatatype>LOGDT019</logicalDatatype>
<dataTypePrecision>38</dataTypePrecision>
<dataTypeScale>2</dataTypeScale>
<ownDataTypeParameters>,38,2</ownDataTypeParameters>
<autoIncrementCycle>false</autoIncrementCycle>
</Column>
</columns>
<indexes itemClass="oracle.dbtools.crest.model.design.relational.Index">
<ind_PK_UK id="988FBD41-6F55-8668-7310-EE97406E2D62" name="FACT_SALE_PK">
<createdBy>Eugene</createdBy>
<createdTime>2019-11-21 17:26:48 UTC</createdTime>
<ownerDesignName>olap</ownerDesignName>
<pk>true</pk>
<indexState>Primary Constraint</indexState>
<isSurrogateKey>false</isSurrogateKey>
<indexColumnUsage>
<colUsage columnID="5C86845E-07E4-87A8-2466-66D6132382AF"/>
</indexColumnUsage>
</ind_PK_UK>
<ind_PK_UK id="EA8576BE-9E87-FCD6-11BB-38E5C7249F8B" name="FACT_SALE_DIM_PRODUCT_FK">
<createdBy>Eugene</createdBy>
<createdTime>2019-11-21 17:28:00 UTC</createdTime>
<ownerDesignName>olap</ownerDesignName>
<indexState>Foreign Key</indexState>
<isSurrogateKey>false</isSurrogateKey>
<indexColumnUsage>
<colUsage columnID="A64E3526-7F41-CF93-C8AA-BC8A3BDF683C"/>
</indexColumnUsage>
</ind_PK_UK>
<ind_PK_UK id="B65C0F60-4CFE-93A4-C4E6-2737FDDA1B8D" name="FACT_SALE_DIM_DATE_FK">
<createdBy>Eugene</createdBy>
<createdTime>2019-11-21 17:28:05 UTC</createdTime>
<ownerDesignName>olap</ownerDesignName>
<indexState>Foreign Key</indexState>
<isSurrogateKey>false</isSurrogateKey>
<indexColumnUsage>
<colUsage columnID="07912EC4-913B-5843-798A-E5E986D4B806"/>
</indexColumnUsage>
</ind_PK_UK>
<ind_PK_UK id="8FC6411E-BC1B-5F43-8475-61667BCFCD3B" name="FACT_SALE_DIM_LOCATION_FK">
<createdBy>Eugene</createdBy>
<createdTime>2019-11-21 17:28:08 UTC</createdTime>
<ownerDesignName>olap</ownerDesignName>
<indexState>Foreign Key</indexState>
<isSurrogateKey>false</isSurrogateKey>
<indexColumnUsage>
<colUsage columnID="86D44372-0857-EBD5-7701-E712D20C6126"/>
</indexColumnUsage>
</ind_PK_UK>
</indexes>
</Table>
