<?xml version = '1.0' encoding = 'UTF-8'?>
<Table class="oracle.dbtools.crest.model.design.relational.Table" directorySegmentName="seg_0" id="56A638C0-7BE3-FD75-3FE8-C6E13625163A" name="DIM_PRODUCT">
<createdBy>Eugene</createdBy>
<createdTime>2019-11-21 17:26:59 UTC</createdTime>
<ownerDesignName>olap</ownerDesignName>
<ordsAlias>table_2</ordsAlias>
<allowColumnReorder>false</allowColumnReorder>
<existDependencyGenerateInDDl>true</existDependencyGenerateInDDl>
<parsed>true</parsed>
<columns itemClass="oracle.dbtools.crest.model.design.relational.Column">
<Column name="PRODUCT_ID" id="71241031-95E8-868D-34B2-D1390DAA7202">
<createdBy>Eugene</createdBy>
<createdTime>2019-11-21 17:26:59 UTC</createdTime>
<ownerDesignName>olap</ownerDesignName>
<useDomainConstraints>false</useDomainConstraints>
<use>1</use>
<logicalDatatype>LOGDT011</logicalDatatype>
<ownDataTypeParameters>,,</ownDataTypeParameters>
<autoIncrementCycle>false</autoIncrementCycle>
</Column>
<Column name="PRODUCT_NAME" id="C29EC01F-6281-12E6-24A4-8CE079083C5C">
<createdBy>Eugene</createdBy>
<createdTime>2019-11-21 17:26:59 UTC</createdTime>
<ownerDesignName>olap</ownerDesignName>
<nullsAllowed>true</nullsAllowed>
<useDomainConstraints>false</useDomainConstraints>
<use>1</use>
<logicalDatatype>LOGDT024</logicalDatatype>
<dataTypeSize>1000 CHAR</dataTypeSize>
<ownDataTypeParameters>1000 CHAR,,</ownDataTypeParameters>
<autoIncrementCycle>false</autoIncrementCycle>
</Column>
</columns>
<indexes itemClass="oracle.dbtools.crest.model.design.relational.Index">
<ind_PK_UK id="1D88A567-E93E-136B-6E2D-4914506E01A9" name="DIM_PRODUCT_PK">
<createdBy>Eugene</createdBy>
<createdTime>2019-11-21 17:26:59 UTC</createdTime>
<ownerDesignName>olap</ownerDesignName>
<pk>true</pk>
<indexState>Primary Constraint</indexState>
<isSurrogateKey>false</isSurrogateKey>
<indexColumnUsage>
<colUsage columnID="71241031-95E8-868D-34B2-D1390DAA7202"/>
</indexColumnUsage>
</ind_PK_UK>
</indexes>
</Table>
