<?xml version = '1.0' encoding = 'UTF-8'?>
<FKIndexAssociation class="oracle.dbtools.crest.model.design.relational.FKIndexAssociation" directorySegmentName="seg_0" id="3DD916B2-A56D-FA62-9C68-0935D5966D06" containerWithKeyObject="FA4D6BEA-D5C8-62C6-EBB3-1289D022F91F" localFKIndex="89A3BC8C-EC06-5334-BCEB-A7E5F3291F31" name="DIM_CITY_DIM_REGION_FK">
<createdBy>Eugene</createdBy>
<createdTime>2019-11-21 16:38:55 UTC</createdTime>
<ownerDesignName>olap</ownerDesignName>
<referredTableLongName>DIM_REGION</referredTableLongName>
<deleteRule>NO ACTION</deleteRule>
<referredTableID>E0198390-5BFE-17CD-D2F3-C0CBAABF7AFD</referredTableID>
<keyObject>A01989CB-D0A9-A7A6-4334-2E15BFEAB7C4</keyObject>
<referredKeyID>A01989CB-D0A9-A7A6-4334-2E15BFEAB7C4</referredKeyID>
<mandatory>true</mandatory>
<refColNames>REGION_CODE</refColNames>
<transferable>true</transferable>
<rely>false</rely>
<columnDependencyConstraintGenerateInDDL>true</columnDependencyConstraintGenerateInDDL>
</FKIndexAssociation>
