<?xml version = '1.0' encoding = 'UTF-8'?>
<FKIndexAssociation class="oracle.dbtools.crest.model.design.relational.FKIndexAssociation" directorySegmentName="seg_0" id="54CAF4CE-A15D-BCC1-E7F9-6F3FC789F042" containerWithKeyObject="F94A64FE-28DE-AA19-C130-CB6BDE85B60E" localFKIndex="66E34B2B-71F6-2A46-F434-07E7A6201B14" name="FACT_SALE_DIM_PRODUCT_FK">
<createdBy>Eugene</createdBy>
<createdTime>2019-11-21 16:17:06 UTC</createdTime>
<ownerDesignName>olap</ownerDesignName>
<referredTableLongName>DIM_PRODUCT</referredTableLongName>
<deleteRule>NO ACTION</deleteRule>
<referredTableID>DAE82975-6C53-AD0E-F5C2-E59B990BBC96</referredTableID>
<keyObject>982A3F75-833B-53C0-CB92-608384654573</keyObject>
<referredKeyID>982A3F75-833B-53C0-CB92-608384654573</referredKeyID>
<mandatory>true</mandatory>
<refColNames>PRODUCT_ID</refColNames>
<transferable>true</transferable>
<rely>false</rely>
<columnDependencyConstraintGenerateInDDL>true</columnDependencyConstraintGenerateInDDL>
</FKIndexAssociation>
