<?xml version = '1.0' encoding = 'UTF-8'?>
<FKIndexAssociation class="oracle.dbtools.crest.model.design.relational.FKIndexAssociation" directorySegmentName="seg_0" id="67DFE143-83B7-7995-D92E-47DC5475E95C" containerWithKeyObject="F94A64FE-28DE-AA19-C130-CB6BDE85B60E" localFKIndex="BC6A233B-F8DE-DC45-6817-1DC86BF5F9EE" name="FACT_SALE_DIM_LOCATION_FK">
<createdBy>Eugene</createdBy>
<createdTime>2019-11-21 16:36:44 UTC</createdTime>
<ownerDesignName>olap</ownerDesignName>
<referredTableLongName>DIM_CITY</referredTableLongName>
<deleteRule>NO ACTION</deleteRule>
<referredTableID>FA4D6BEA-D5C8-62C6-EBB3-1289D022F91F</referredTableID>
<keyObject>77C9140A-1FE5-1495-EA5A-42E78F41CB15</keyObject>
<referredKeyID>77C9140A-1FE5-1495-EA5A-42E78F41CB15</referredKeyID>
<mandatory>true</mandatory>
<refColNames>LOCATION_CODE</refColNames>
<transferable>true</transferable>
<rely>false</rely>
<columnDependencyConstraintGenerateInDDL>true</columnDependencyConstraintGenerateInDDL>
</FKIndexAssociation>
