<?xml version = '1.0' encoding = 'UTF-8'?>
<FKIndexAssociation class="oracle.dbtools.crest.model.design.relational.FKIndexAssociation" directorySegmentName="seg_0" id="A90BD5B1-4ADA-81EC-AB30-2C55E189410B" containerWithKeyObject="1EA89085-2594-26CC-8F4A-DA2933C068CD" localFKIndex="2153976D-6896-A8F8-ACB3-D50804A4009F" name="FACT_SALE_REGION_DIM_REGION_FK">
<createdBy>Eugene</createdBy>
<createdTime>2019-11-21 16:44:18 UTC</createdTime>
<ownerDesignName>olap</ownerDesignName>
<referredTableLongName>DIM_REGION</referredTableLongName>
<deleteRule>NO ACTION</deleteRule>
<referredTableID>E0198390-5BFE-17CD-D2F3-C0CBAABF7AFD</referredTableID>
<keyObject>A01989CB-D0A9-A7A6-4334-2E15BFEAB7C4</keyObject>
<referredKeyID>A01989CB-D0A9-A7A6-4334-2E15BFEAB7C4</referredKeyID>
<mandatory>true</mandatory>
<refColNames>REGION_CODE</refColNames>
<transferable>true</transferable>
<rely>false</rely>
<columnDependencyConstraintGenerateInDDL>true</columnDependencyConstraintGenerateInDDL>
</FKIndexAssociation>
