<?xml version = '1.0' encoding = 'UTF-8'?>
<Diagram class="oracle.dbtools.crest.swingui.relational.DPVRelational" name="Star" id="25AB0006-B4DC-549C-94D2-96D2CB5D2AF2">
<createdBy>Eugene</createdBy>
<modifiedBy>Eugene</modifiedBy>
<createdTime>2019-11-21 17:26:02 UTC</createdTime>
<autoRoute>false</autoRoute>
<boxInbox>true</boxInbox>
<showLegend>false</showLegend>
<showLabels>false</showLabels>
<showRelAttributes>false</showRelAttributes>
<gridEnabled>false</gridEnabled>
<showGrid>false</showGrid>
<diagramColor>-1</diagramColor>
<display>false</display>
<notation>1</notation>
<objectViews>
<OView class="oracle.dbtools.crest.swingui.relational.TVTable" oid="0129AF79-D23D-88CA-83CE-9DF1D5D43132" otype="Table" vid="D35929A6-ACCA-A14D-9C49-C4D739BF458B">
<hideElementsInCurrentOnly>false</hideElementsInCurrentOnly>
<bounds x="26" y="354" width="168" height="109"/>
</OView>
<OView class="oracle.dbtools.crest.swingui.relational.TVTable" oid="30465D9F-50A0-C1A3-636F-0EBD2169AD84" otype="Table" vid="F0D2F83F-3BF9-F0F4-FBD5-23C05A4D41C9">
<hideElementsInCurrentOnly>false</hideElementsInCurrentOnly>
<bounds x="349" y="410" width="236" height="110"/>
</OView>
<OView class="oracle.dbtools.crest.swingui.relational.TVTable" oid="42F51BF9-2254-7B4E-9E0D-9C624DFC33AD" otype="Table" vid="5BAA649E-0EE6-A280-B26F-9C2EA9F287BB">
<hideElementsInCurrentOnly>false</hideElementsInCurrentOnly>
<bounds x="257" y="60" width="240" height="258"/>
</OView>
<OView class="oracle.dbtools.crest.swingui.relational.TVTable" oid="56A638C0-7BE3-FD75-3FE8-C6E13625163A" otype="Table" vid="E7A82D23-22D2-8D26-0922-6343CC1D47F5">
<hideElementsInCurrentOnly>false</hideElementsInCurrentOnly>
<bounds x="9" y="35" width="170" height="110"/>
</OView>
</objectViews>
<connectors>
<Connector class="oracle.dbtools.crest.swingui.relational.TVFKRelation" oid="7E979D3C-F3C6-5245-8FA7-2143EBD23FB5" otype="FKIndexAssociation" vid_source="E7A82D23-22D2-8D26-0922-6343CC1D47F5" vid_target="5BAA649E-0EE6-A280-B26F-9C2EA9F287BB">
<hideElementsInCurrentOnly>false</hideElementsInCurrentOnly>
<backgroundColor>-16777216</backgroundColor>
<lineWidth>1</lineWidth>
<points>
<point x="179" y="102"/>
<point x="257" y="102"/>
</points>
</Connector>
<Connector class="oracle.dbtools.crest.swingui.relational.TVFKRelation" oid="CBEBA2E9-41C4-8C11-D2A8-E4615EE80E68" otype="FKIndexAssociation" vid_source="D35929A6-ACCA-A14D-9C49-C4D739BF458B" vid_target="5BAA649E-0EE6-A280-B26F-9C2EA9F287BB">
<hideElementsInCurrentOnly>false</hideElementsInCurrentOnly>
<backgroundColor>-16777216</backgroundColor>
<lineWidth>1</lineWidth>
<points>
<point x="176" y="354"/>
<point x="257" y="287"/>
</points>
</Connector>
<Connector class="oracle.dbtools.crest.swingui.relational.TVFKRelation" oid="CE3A2F8C-2144-957F-F2C7-B34BCBA0E420" otype="FKIndexAssociation" vid_source="F0D2F83F-3BF9-F0F4-FBD5-23C05A4D41C9" vid_target="5BAA649E-0EE6-A280-B26F-9C2EA9F287BB">
<hideElementsInCurrentOnly>false</hideElementsInCurrentOnly>
<backgroundColor>-16777216</backgroundColor>
<lineWidth>1</lineWidth>
<points>
<point x="423" y="410"/>
<point x="423" y="318"/>
</points>
</Connector>
</connectors>
</Diagram>
