<?xml version = '1.0' encoding = 'UTF-8'?>
<Table class="oracle.dbtools.crest.model.design.relational.Table" directorySegmentName="seg_0" id="4E4EB4A1-91D8-C7E1-0B8C-767DCB05D051" name="DIM_DATE">
<createdBy>Eugene</createdBy>
<createdTime>2019-11-30 05:46:58 UTC</createdTime>
<ownerDesignName>olap_sales</ownerDesignName>
<ordsAlias>table_6</ordsAlias>
<allowColumnReorder>false</allowColumnReorder>
<existDependencyGenerateInDDl>true</existDependencyGenerateInDDl>
<parsed>true</parsed>
<columns itemClass="oracle.dbtools.crest.model.design.relational.Column">
<Column name="DATE_ID" id="83243567-AEF5-B76F-7422-5F7BD9014028">
<createdBy>Eugene</createdBy>
<createdTime>2019-11-30 05:48:15 UTC</createdTime>
<ownerDesignName>olap_sales</ownerDesignName>
<useDomainConstraints>false</useDomainConstraints>
<use>1</use>
<logicalDatatype>LOGDT011</logicalDatatype>
<ownDataTypeParameters>,,</ownDataTypeParameters>
<autoIncrementCycle>false</autoIncrementCycle>
</Column>
<Column name="DATE_NAME" id="F46AA528-9493-AE14-3AFE-8413C9CF0D84">
<createdBy>Eugene</createdBy>
<createdTime>2019-11-30 05:48:15 UTC</createdTime>
<ownerDesignName>olap_sales</ownerDesignName>
<nullsAllowed>true</nullsAllowed>
<useDomainConstraints>false</useDomainConstraints>
<use>1</use>
<logicalDatatype>LOGDT024</logicalDatatype>
<dataTypeSize>100 CHAR</dataTypeSize>
<ownDataTypeParameters>100 CHAR,,</ownDataTypeParameters>
<autoIncrementCycle>false</autoIncrementCycle>
</Column>
<Column name="LEVEL" id="29332392-4DF7-2D2D-8964-70E8341986D4">
<createdBy>Eugene</createdBy>
<createdTime>2019-11-30 05:53:16 UTC</createdTime>
<ownerDesignName>olap_sales</ownerDesignName>
<nullsAllowed>true</nullsAllowed>
<useDomainConstraints>false</useDomainConstraints>
<use>1</use>
<logicalDatatype>LOGDT011</logicalDatatype>
<ownDataTypeParameters>,,</ownDataTypeParameters>
<autoIncrementCycle>false</autoIncrementCycle>
</Column>
</columns>
<indexes itemClass="oracle.dbtools.crest.model.design.relational.Index">
<ind_PK_UK id="C87E6902-3C81-E54C-0C2D-838E0E0DBC2D" name="DIM_DATE_PK">
<createdBy>Eugene</createdBy>
<createdTime>2019-11-30 05:48:15 UTC</createdTime>
<ownerDesignName>olap_sales</ownerDesignName>
<pk>true</pk>
<indexState>Primary Constraint</indexState>
<isSurrogateKey>false</isSurrogateKey>
<indexColumnUsage>
<colUsage columnID="83243567-AEF5-B76F-7422-5F7BD9014028"/>
</indexColumnUsage>
</ind_PK_UK>
</indexes>
</Table>