<?xml version = '1.0' encoding = 'UTF-8'?>
<FKIndexAssociation class="oracle.dbtools.crest.model.design.relational.FKIndexAssociation" directorySegmentName="seg_0" id="0AC93283-11B8-2DC9-1192-81A07D92D348" containerWithKeyObject="4B07F108-13E4-F954-8748-9CD3E9C54AD4" localFKIndex="98F140BD-AD73-C0A3-2F5A-5E2F30645AEC" name="FACT_DIM_1_FK">
<createdBy>Eugene</createdBy>
<createdTime>2019-11-21 16:09:43 UTC</createdTime>
<ownerDesignName>olap</ownerDesignName>
<referredTableLongName>DIM_1</referredTableLongName>
<deleteRule>NO ACTION</deleteRule>
<referredTableID>CABDF082-04CF-2971-F343-10A91EE29A16</referredTableID>
<keyObject>45A8691A-B743-0C55-18C8-385C9C7F2839</keyObject>
<referredKeyID>45A8691A-B743-0C55-18C8-385C9C7F2839</referredKeyID>
<mandatory>true</mandatory>
<refColNames>DIM1_ID</refColNames>
<transferable>true</transferable>
<rely>false</rely>
<columnDependencyConstraintGenerateInDDL>true</columnDependencyConstraintGenerateInDDL>
</FKIndexAssociation>