<?xml version = '1.0' encoding = 'UTF-8'?>
<FKIndexAssociation class="oracle.dbtools.crest.model.design.relational.FKIndexAssociation" directorySegmentName="seg_0" id="B4CE112E-193B-5249-5A66-E082555A3283" containerWithKeyObject="4B07F108-13E4-F954-8748-9CD3E9C54AD4" localFKIndex="CF37592F-8A23-9B2D-5B21-82F8FC6DF6FE" name="FACT_DIM_3_FK">
<createdBy>Eugene</createdBy>
<createdTime>2019-11-21 16:09:52 UTC</createdTime>
<ownerDesignName>olap</ownerDesignName>
<referredTableLongName>DIM_3</referredTableLongName>
<deleteRule>NO ACTION</deleteRule>
<referredTableID>3BAAA202-3942-981C-6238-BB13FF95740A</referredTableID>
<keyObject>ED57BB6A-53C9-2497-B02C-575D48AAB21A</keyObject>
<referredKeyID>ED57BB6A-53C9-2497-B02C-575D48AAB21A</referredKeyID>
<mandatory>true</mandatory>
<refColNames>DIM3_ID</refColNames>
<transferable>true</transferable>
<rely>false</rely>
<columnDependencyConstraintGenerateInDDL>true</columnDependencyConstraintGenerateInDDL>
</FKIndexAssociation>