<?xml version = '1.0' encoding = 'UTF-8'?>
<FKIndexAssociation class="oracle.dbtools.crest.model.design.relational.FKIndexAssociation" directorySegmentName="seg_0" id="097D4D6F-BFAC-F8C7-7E11-B0F9ED82103F" containerWithKeyObject="4FAAFBF6-276C-46DD-0C62-33393380D71B" localFKIndex="4EE27B55-0988-38A8-0535-93291600B5F0" name="FACT_SALES_DIM_PRODUCT_FK">
<createdBy>Eugene</createdBy>
<createdTime>2019-11-30 05:50:26 UTC</createdTime>
<ownerDesignName>olap_sales</ownerDesignName>
<referredTableLongName>DIM_PRODUCT</referredTableLongName>
<deleteRule>NO ACTION</deleteRule>
<referredTableID>CDE2E3CD-7471-937B-DF1E-462B7BF4E04C</referredTableID>
<keyObject>9836A098-6951-2E09-6D42-D7FE4B02FF1A</keyObject>
<referredKeyID>9836A098-6951-2E09-6D42-D7FE4B02FF1A</referredKeyID>
<mandatory>true</mandatory>
<refColNames>PRODUCT_ID</refColNames>
<transferable>true</transferable>
<rely>false</rely>
<columnDependencyConstraintGenerateInDDL>true</columnDependencyConstraintGenerateInDDL>
</FKIndexAssociation>