<?xml version = '1.0' encoding = 'UTF-8'?>
<FKIndexAssociation class="oracle.dbtools.crest.model.design.relational.FKIndexAssociation" directorySegmentName="seg_0" id="DD52BCC9-FB11-EBA1-8DAD-84ADA17FFD9F" containerWithKeyObject="4FAAFBF6-276C-46DD-0C62-33393380D71B" localFKIndex="01999286-93E9-F807-2ABD-9AFFBC8C513A" name="FACT_SALES_DIM_COUNTRY_FK">
<createdBy>Eugene</createdBy>
<createdTime>2019-11-30 05:51:27 UTC</createdTime>
<ownerDesignName>olap_sales</ownerDesignName>
<referredTableLongName>DIM_COUNTRY</referredTableLongName>
<deleteRule>NO ACTION</deleteRule>
<referredTableID>A5EA9958-41CD-37CD-7D52-B73D0A1A2056</referredTableID>
<keyObject>29654D18-905E-4059-B702-B620EF1DC1F7</keyObject>
<referredKeyID>29654D18-905E-4059-B702-B620EF1DC1F7</referredKeyID>
<mandatory>true</mandatory>
<refColNames>COUNTRY_ID</refColNames>
<transferable>true</transferable>
<rely>false</rely>
<columnDependencyConstraintGenerateInDDL>true</columnDependencyConstraintGenerateInDDL>
</FKIndexAssociation>